fixture_id,club_id,season_year,player_id,role,match_position,row_index,slot_index,substitution_in_minute,substitution_out_minute,verified_on,source_note
1000560552,1000000064,2026,2000003001,STARTER,,,,,,2026-10-04,backend/data/gw2-first-two/sources.md
1000560552,1000000064,2026,2000003003,SUB_UNUSED,,,,,,2026-10-04,backend/data/gw2-first-two/sources.md
1000560552,1000000064,2026,2000003004,STARTER,,,,,,2026-10-04,backend/data/gw2-first-two/sources.md
1000560552,1000000064,2026,2000003005,STARTER,,,,,,2026-10-04,backend/data/gw2-first-two/sources.md
1000560552,1000000064,2026,2000003006,STARTER,,,,,,2026-10-04,backend/data/gw2-first-two/sources.md
1000560552,1000000064,2026,2000003007,STARTER,,,,,,2026-10-04,backend/data/gw2-first-two/sources.md
1000560552,1000000064,2026,2000003008,STARTER,,,,,,2026-10-04,backend/data/gw2-first-two/sources.md
1000560552,1000000064,2026,2000003009,STARTER,,,,,,2026-10-04,backend/data/gw2-first-two/sources.md
1000560552,1000000064,2026,2000003010,STARTER,,,,,,2026-10-04,backend/data/gw2-first-two/sources.md
1000560552,1000000064,2026,2000003011,STARTER,,,,,,2026-10-04,backend/data/gw2-first-two/sources.md
1000560552,1000000064,2026,2000003012,SUB_USED,,,,,,2026-10-04,backend/data/gw2-first-two/sources.md
1000560552,1000000064,2026,2000003014,STARTER,,,,,,2026-10-04,backend/data/gw2-first-two/sources.md
1000560552,1000000064,2026,2000003015,SUB_UNUSED,,,,,,2026-10-04,backend/data/gw2-first-two/sources.md
1000560552,1000000064,2026,2000003018,STARTER,,,,,,2026-10-04,backend/data/gw2-first-two/sources.md
1000560552,1000000064,2026,2000003019,SUB_USED,,,,,,2026-10-04,backend/data/gw2-first-two/sources.md
1000560552,1000000064,2026,2000003020,SUB_USED,,,,,,2026-10-04,backend/data/gw2-first-two/sources.md
1000560552,1000000064,2026,2000003021,SUB_USED,,,,,,2026-10-04,backend/data/gw2-first-two/sources.md
1000560552,1000000064,2026,2000003022,SUB_UNUSED,,,,,,2026-10-04,backend/data/gw2-first-two/sources.md
1000560552,1000000064,2026,2000003023,SUB_UNUSED,,,,,,2026-10-04,backend/data/gw2-first-two/sources.md
1000560552,1000000064,2026,2000003024,SUB_USED,,,,,,2026-10-04,backend/data/gw2-first-two/sources.md
1000560552,1000000351,2026,19305,SUB_UNUSED,,,,,,2026-10-04,backend/data/gw2-first-two/sources.md
1000560552,1000000351,2026,161948,SUB_USED,,,,,,2026-10-04,backend/data/gw2-first-two/sources.md
1000560552,1000000351,2026,2000013001,STARTER,,,,,,2026-10-04,backend/data/gw2-first-two/sources.md
1000560552,1000000351,2026,2000013002,STARTER,,,,,,2026-10-04,backend/data/gw2-first-two/sources.md
1000560552,1000000351,2026,2000020052,STARTER,,,,,,2026-10-04,backend/data/gw2-first-two/sources.md
1000560552,1000000351,2026,2000020053,STARTER,,,,,,2026-10-04,backend/data/gw2-first-two/sources.md
1000560552,1000000351,2026,2000020055,STARTER,,,,,,2026-10-04,backend/data/gw2-first-two/sources.md
1000560552,1000000351,2026,2000020056,STARTER,,,,,,2026-10-04,backend/data/gw2-first-two/sources.md
1000560552,1000000351,2026,2000020057,STARTER,,,,,,2026-10-04,backend/data/gw2-first-two/sources.md
1000560552,1000000351,2026,2000020058,STARTER,,,,,,2026-10-04,backend/data/gw2-first-two/sources.md
1000560552,1000000351,2026,2000020059,STARTER,,,,,,2026-10-04,backend/data/gw2-first-two/sources.md
1000560552,1000000351,2026,2000020060,STARTER,,,,,,2026-10-04,backend/data/gw2-first-two/sources.md
1000560552,1000000351,2026,2000020061,SUB_UNUSED,,,,,,2026-10-04,backend/data/gw2-first-two/sources.md
1000560552,1000000351,2026,2000020062,SUB_USED,,,,,,2026-10-04,backend/data/gw2-first-two/sources.md
1000560552,1000000351,2026,2000020063,STARTER,,,,,,2026-10-04,backend/data/gw2-first-two/sources.md
1000560552,1000000351,2026,2000020073,SUB_UNUSED,,,,,,2026-10-04,backend/data/gw2-first-two/sources.md
1000560552,1000000351,2026,2000020074,SUB_UNUSED,,,,,,2026-10-04,backend/data/gw2-first-two/sources.md
1000560552,1000000351,2026,2000020075,SUB_UNUSED,,,,,,2026-10-04,backend/data/gw2-first-two/sources.md
1000560552,1000000351,2026,2000020076,SUB_USED,,,,,,2026-10-04,backend/data/gw2-first-two/sources.md
1000560552,1000000351,2026,2000020077,SUB_USED,,,,,,2026-10-04,backend/data/gw2-first-two/sources.md
1000560553,1000000066,2026,2000006001,STARTER,,,,,,2026-10-04,backend/data/gw2-next-three/sources.md
1000560553,1000000066,2026,2000006002,STARTER,,,,,,2026-10-04,backend/data/gw2-next-three/sources.md
1000560553,1000000066,2026,2000006003,SUB_USED,,,,,,2026-10-04,backend/data/gw2-next-three/sources.md
1000560553,1000000066,2026,2000006005,STARTER,,,,,,2026-10-04,backend/data/gw2-next-three/sources.md
1000560553,1000000066,2026,2000006006,STARTER,,,,,,2026-10-04,backend/data/gw2-next-three/sources.md
1000560553,1000000066,2026,2000006008,STARTER,,,,,,2026-10-04,backend/data/gw2-next-three/sources.md
1000560553,1000000066,2026,2000006009,STARTER,,,,,,2026-10-04,backend/data/gw2-next-three/sources.md
1000560553,1000000066,2026,2000006010,STARTER,,,,,,2026-10-04,backend/data/gw2-next-three/sources.md
1000560553,1000000066,2026,2000006011,SUB_UNUSED,,,,,,2026-10-04,backend/data/gw2-next-three/sources.md
1000560553,1000000066,2026,2000006012,SUB_UNUSED,,,,,,2026-10-04,backend/data/gw2-next-three/sources.md
1000560553,1000000066,2026,2000006013,SUB_USED,,,,,,2026-10-04,backend/data/gw2-next-three/sources.md
1000560553,1000000066,2026,2000006014,SUB_USED,,,,,,2026-10-04,backend/data/gw2-next-three/sources.md
1000560553,1000000066,2026,2000006016,SUB_USED,,,,,,2026-10-04,backend/data/gw2-next-three/sources.md
1000560553,1000000066,2026,2000006017,STARTER,,,,,,2026-10-04,backend/data/gw2-next-three/sources.md
1000560553,1000000066,2026,2000006018,STARTER,,,,,,2026-10-04,backend/data/gw2-next-three/sources.md
1000560553,1000000066,2026,2000006021,STARTER,,,,,,2026-10-04,backend/data/gw2-next-three/sources.md
1000560553,1000000066,2026,2000006023,SUB_UNUSED,,,,,,2026-10-04,backend/data/gw2-next-three/sources.md
1000560553,1000000066,2026,2000006024,SUB_USED,,,,,,2026-10-04,backend/data/gw2-next-three/sources.md
1000560553,1000000066,2026,2000006025,STARTER,,,,,,2026-10-04,backend/data/gw2-next-three/sources.md
1000560553,1000000066,2026,2000006026,SUB_UNUSED,,,,,,2026-10-04,backend/data/gw2-next-three/sources.md
1000560553,1000000349,2026,2000011001,STARTER,,,,,,2026-10-04,backend/data/gw2-next-three/sources.md
1000560553,1000000349,2026,2000011002,STARTER,,,,,,2026-10-04,backend/data/gw2-next-three/sources.md
1000560553,1000000349,2026,2000011003,SUB_UNUSED,,,,,,2026-10-04,backend/data/gw2-next-three/sources.md
1000560553,1000000349,2026,2000011004,STARTER,,,,,,2026-10-04,backend/data/gw2-next-three/sources.md
1000560553,1000000349,2026,2000011005,STARTER,,,,,,2026-10-04,backend/data/gw2-next-three/sources.md
1000560553,1000000349,2026,2000020019,STARTER,,,,,,2026-10-04,backend/data/gw2-next-three/sources.md
1000560553,1000000349,2026,2000020020,STARTER,,,,,,2026-10-04,backend/data/gw2-next-three/sources.md
1000560553,1000000349,2026,2000020021,STARTER,,,,,,2026-10-04,backend/data/gw2-next-three/sources.md
1000560553,1000000349,2026,2000020022,STARTER,,,,,,2026-10-04,backend/data/gw2-next-three/sources.md
1000560553,1000000349,2026,2000020023,STARTER,,,,,,2026-10-04,backend/data/gw2-next-three/sources.md
1000560553,1000000349,2026,2000020024,STARTER,,,,,,2026-10-04,backend/data/gw2-next-three/sources.md
1000560553,1000000349,2026,2000020025,STARTER,,,,,,2026-10-04,backend/data/gw2-next-three/sources.md
1000560553,1000000349,2026,2000020026,SUB_USED,,,,,,2026-10-04,backend/data/gw2-next-three/sources.md
1000560553,1000000349,2026,2000020027,SUB_USED,,,,,,2026-10-04,backend/data/gw2-next-three/sources.md
1000560553,1000000349,2026,2000020028,SUB_USED,,,,,,2026-10-04,backend/data/gw2-next-three/sources.md
1000560553,1000000349,2026,2000020029,SUB_UNUSED,,,,,,2026-10-04,backend/data/gw2-next-three/sources.md
1000560553,1000000349,2026,2000020044,SUB_UNUSED,,,,,,2026-10-04,backend/data/gw2-next-three/sources.md
1000560553,1000000349,2026,2000020045,SUB_USED,,,,,,2026-10-04,backend/data/gw2-next-three/sources.md
1000560553,1000000349,2026,2000020046,SUB_UNUSED,,,,,,2026-10-04,backend/data/gw2-next-three/sources.md
1000560553,1000000349,2026,2000030218,SUB_USED,,,,,,2026-10-04,backend/data/gw2-next-three/sources.md
1000560554,1000000063,2026,2729,STARTER,,,,,,2026-10-04,backend/data/gw2-last-five/sources.md
1000560554,1000000063,2026,2000030082,STARTER,,,,,,2026-10-04,backend/data/gw2-last-five/sources.md
1000560554,1000000063,2026,2000030083,STARTER,,,,,,2026-10-04,backend/data/gw2-last-five/sources.md
1000560554,1000000063,2026,2000030084,STARTER,,,,,,2026-10-04,backend/data/gw2-last-five/sources.md
1000560554,1000000063,2026,2000030085,SUB_UNUSED,,,,,,2026-10-04,backend/data/gw2-last-five/sources.md
1000560554,1000000063,2026,2000030086,STARTER,,,,,,2026-10-04,backend/data/gw2-last-five/sources.md
1000560554,1000000063,2026,2000030087,STARTER,,,,,,2026-10-04,backend/data/gw2-last-five/sources.md
1000560554,1000000063,2026,2000030088,SUB_USED,,,,,,2026-10-04,backend/data/gw2-last-five/sources.md
1000560554,1000000063,2026,2000030089,STARTER,,,,,,2026-10-04,backend/data/gw2-last-five/sources.md
1000560554,1000000063,2026,2000030090,SUB_USED,,,,,,2026-10-04,backend/data/gw2-last-five/sources.md
1000560554,1000000063,2026,2000030091,STARTER,,,,,,2026-10-04,backend/data/gw2-last-five/sources.md
1000560554,1000000063,2026,2000030092,SUB_USED,,,,,,2026-10-04,backend/data/gw2-last-five/sources.md
1000560554,1000000063,2026,2000030093,STARTER,,,,,,2026-10-04,backend/data/gw2-last-five/sources.md
1000560554,1000000063,2026,2000030136,STARTER,,,,,,2026-10-04,backend/data/gw2-last-five/sources.md
1000560554,1000000063,2026,2000030137,SUB_UNUSED,,,,,,2026-10-04,backend/data/gw2-last-five/sources.md
1000560554,1000000063,2026,2000030138,STARTER,,,,,,2026-10-04,backend/data/gw2-last-five/sources.md
1000560554,1000000063,2026,2000030139,SUB_UNUSED,,,,,,2026-10-04,backend/data/gw2-last-five/sources.md
1000560554,1000000063,2026,2000030142,SUB_USED,,,,,,2026-10-04,backend/data/gw2-last-five/sources.md
1000560554,1000000063,2026,2000030143,SUB_UNUSED,,,,,,2026-10-04,backend/data/gw2-last-five/sources.md
1000560554,1000000063,2026,2000030194,SUB_UNUSED,,,,,,2026-10-04,backend/data/gw2-last-five/sources.md
1000560554,1000000071,2026,2000012001,STARTER,,,,,,2026-10-04,backend/data/gw2-last-five/sources.md
1000560554,1000000071,2026,2000012002,STARTER,,,,,,2026-10-04,backend/data/gw2-last-five/sources.md
1000560554,1000000071,2026,2000020030,STARTER,,,,,,2026-10-04,backend/data/gw2-last-five/sources.md
1000560554,1000000071,2026,2000020031,STARTER,,,,,,2026-10-04,backend/data/gw2-last-five/sources.md
1000560554,1000000071,2026,2000020032,STARTER,,,,,,2026-10-04,backend/data/gw2-last-five/sources.md
1000560554,1000000071,2026,2000020033,SUB_UNUSED,,,,,,2026-10-04,backend/data/gw2-last-five/sources.md
1000560554,1000000071,2026,2000020034,STARTER,,,,,,2026-10-04,backend/data/gw2-last-five/sources.md
1000560554,1000000071,2026,2000020035,STARTER,,,,,,2026-10-04,backend/data/gw2-last-five/sources.md
1000560554,1000000071,2026,2000020036,STARTER,,,,,,2026-10-04,backend/data/gw2-last-five/sources.md
1000560554,1000000071,2026,2000020037,STARTER,,,,,,2026-10-04,backend/data/gw2-last-five/sources.md
1000560554,1000000071,2026,2000020038,STARTER,,,,,,2026-10-04,backend/data/gw2-last-five/sources.md
1000560554,1000000071,2026,2000020039,SUB_UNUSED,,,,,,2026-10-04,backend/data/gw2-last-five/sources.md
1000560554,1000000071,2026,2000020040,SUB_UNUSED,,,,,,2026-10-04,backend/data/gw2-last-five/sources.md
1000560554,1000000071,2026,2000020041,SUB_USED,,,,,,2026-10-04,backend/data/gw2-last-five/sources.md
1000560554,1000000071,2026,2000020042,SUB_USED,,,,,,2026-10-04,backend/data/gw2-last-five/sources.md
1000560554,1000000071,2026,2000020043,SUB_USED,,,,,,2026-10-04,backend/data/gw2-last-five/sources.md
1000560554,1000000071,2026,2000020048,SUB_UNUSED,,,,,,2026-10-04,backend/data/gw2-last-five/sources.md
1000560554,1000000071,2026,2000020049,STARTER,,,,,,2026-10-04,backend/data/gw2-last-five/sources.md
1000560554,1000000071,2026,2000020051,SUB_USED,,,,,,2026-10-04,backend/data/gw2-last-five/sources.md
1000560554,1000000071,2026,2000030253,SUB_UNUSED,,,,,,2026-10-04,backend/data/gw2-last-five/sources.md
1000560555,1000000065,2026,2000004001,STARTER,,,,,,2026-10-04,backend/data/gw2-first-two/sources.md
1000560555,1000000065,2026,2000004002,STARTER,,,,,,2026-10-04,backend/data/gw2-first-two/sources.md
1000560555,1000000065,2026,2000004003,STARTER,,,,,,2026-10-04,backend/data/gw2-first-two/sources.md
1000560555,1000000065,2026,2000004004,STARTER,,,,,,2026-10-04,backend/data/gw2-first-two/sources.md
1000560555,1000000065,2026,2000004006,SUB_USED,,,,,,2026-10-04,backend/data/gw2-first-two/sources.md
1000560555,1000000065,2026,2000004007,STARTER,,,,,,2026-10-04,backend/data/gw2-first-two/sources.md
1000560555,1000000065,2026,2000004008,STARTER,,,,,,2026-10-04,backend/data/gw2-first-two/sources.md
1000560555,1000000065,2026,2000004012,SUB_UNUSED,,,,,,2026-10-04,backend/data/gw2-first-two/sources.md
1000560555,1000000065,2026,2000004013,SUB_USED,,,,,,2026-10-04,backend/data/gw2-first-two/sources.md
1000560555,1000000065,2026,2000004014,STARTER,,,,,,2026-10-04,backend/data/gw2-first-two/sources.md
1000560555,1000000065,2026,2000004016,SUB_UNUSED,,,,,,2026-10-04,backend/data/gw2-first-two/sources.md
1000560555,1000000065,2026,2000004017,SUB_USED,,,,,,2026-10-04,backend/data/gw2-first-two/sources.md
1000560555,1000000065,2026,2000004018,STARTER,,,,,,2026-10-04,backend/data/gw2-first-two/sources.md
1000560555,1000000065,2026,2000004020,STARTER,,,,,,2026-10-04,backend/data/gw2-first-two/sources.md
1000560555,1000000065,2026,2000004021,STARTER,,,,,,2026-10-04,backend/data/gw2-first-two/sources.md
1000560555,1000000065,2026,2000004022,STARTER,,,,,,2026-10-04,backend/data/gw2-first-two/sources.md
1000560555,1000000065,2026,2000004023,SUB_USED,,,,,,2026-10-04,backend/data/gw2-first-two/sources.md
1000560555,1000000065,2026,2000004024,SUB_USED,,,,,,2026-10-04,backend/data/gw2-first-two/sources.md
1000560555,1000000065,2026,2000004025,SUB_UNUSED,,,,,,2026-10-04,backend/data/gw2-first-two/sources.md
1000560555,1000000065,2026,2000030256,SUB_UNUSED,,,,,,2026-10-04,backend/data/gw2-first-two/sources.md
1000560555,1000000354,2026,2490,SUB_UNUSED,,,,,,2026-10-04,backend/data/gw2-first-two/sources.md
1000560555,1000000354,2026,2000016001,STARTER,,,,,,2026-10-04,backend/data/gw2-first-two/sources.md
1000560555,1000000354,2026,2000016002,STARTER,,,,,,2026-10-04,backend/data/gw2-first-two/sources.md
1000560555,1000000354,2026,2000020095,SUB_UNUSED,,,,,,2026-10-04,backend/data/gw2-first-two/sources.md
1000560555,1000000354,2026,2000020096,STARTER,,,,,,2026-10-04,backend/data/gw2-first-two/sources.md
1000560555,1000000354,2026,2000020097,SUB_USED,,,,,,2026-10-04,backend/data/gw2-first-two/sources.md
1000560555,1000000354,2026,2000020098,STARTER,,,,,,2026-10-04,backend/data/gw2-first-two/sources.md
1000560555,1000000354,2026,2000020099,STARTER,,,,,,2026-10-04,backend/data/gw2-first-two/sources.md
1000560555,1000000354,2026,2000020100,STARTER,,,,,,2026-10-04,backend/data/gw2-first-two/sources.md
1000560555,1000000354,2026,2000020101,STARTER,,,,,,2026-10-04,backend/data/gw2-first-two/sources.md
1000560555,1000000354,2026,2000020103,STARTER,,,,,,2026-10-04,backend/data/gw2-first-two/sources.md
1000560555,1000000354,2026,2000020105,STARTER,,,,,,2026-10-04,backend/data/gw2-first-two/sources.md
1000560555,1000000354,2026,2000020106,STARTER,,,,,,2026-10-04,backend/data/gw2-first-two/sources.md
1000560555,1000000354,2026,2000020107,SUB_USED,,,,,,2026-10-04,backend/data/gw2-first-two/sources.md
1000560555,1000000354,2026,2000020108,STARTER,,,,,,2026-10-04,backend/data/gw2-first-two/sources.md
1000560555,1000000354,2026,2000020114,SUB_UNUSED,,,,,,2026-10-04,backend/data/gw2-first-two/sources.md
1000560555,1000000354,2026,2000020116,SUB_USED,,,,,,2026-10-04,backend/data/gw2-first-two/sources.md
1000560555,1000000354,2026,2000020117,SUB_UNUSED,,,,,,2026-10-04,backend/data/gw2-first-two/sources.md
1000560555,1000000354,2026,2000030182,SUB_USED,,,,,,2026-10-04,backend/data/gw2-first-two/sources.md
1000560555,1000000354,2026,2000030185,SUB_USED,,,,,,2026-10-04,backend/data/gw2-first-two/sources.md
1000560556,1000000061,2026,2000005001,STARTER,,,,,,2026-10-04,backend/data/gw2-last-five/sources.md
1000560556,1000000061,2026,2000005003,STARTER,,,,,,2026-10-04,backend/data/gw2-last-five/sources.md
1000560556,1000000061,2026,2000005004,SUB_USED,,,,,,2026-10-04,backend/data/gw2-last-five/sources.md
1000560556,1000000061,2026,2000005005,STARTER,,,,,,2026-10-04,backend/data/gw2-last-five/sources.md
1000560556,1000000061,2026,2000005006,STARTER,,,,,,2026-10-04,backend/data/gw2-last-five/sources.md
1000560556,1000000061,2026,2000005007,STARTER,,,,,,2026-10-04,backend/data/gw2-last-five/sources.md
1000560556,1000000061,2026,2000005008,STARTER,,,,,,2026-10-04,backend/data/gw2-last-five/sources.md
1000560556,1000000061,2026,2000005009,STARTER,,,,,,2026-10-04,backend/data/gw2-last-five/sources.md
1000560556,1000000061,2026,2000005010,SUB_UNUSED,,,,,,2026-10-04,backend/data/gw2-last-five/sources.md
1000560556,1000000061,2026,2000005012,STARTER,,,,,,2026-10-04,backend/data/gw2-last-five/sources.md
1000560556,1000000061,2026,2000005013,SUB_UNUSED,,,,,,2026-10-04,backend/data/gw2-last-five/sources.md
1000560556,1000000061,2026,2000005014,STARTER,,,,,,2026-10-04,backend/data/gw2-last-five/sources.md
1000560556,1000000061,2026,2000005017,SUB_USED,,,,,,2026-10-04,backend/data/gw2-last-five/sources.md
1000560556,1000000061,2026,2000005018,SUB_USED,,,,,,2026-10-04,backend/data/gw2-last-five/sources.md
1000560556,1000000061,2026,2000005019,STARTER,,,,,,2026-10-04,backend/data/gw2-last-five/sources.md
1000560556,1000000061,2026,2000005020,SUB_USED,,,,,,2026-10-04,backend/data/gw2-last-five/sources.md
1000560556,1000000061,2026,2000005022,SUB_USED,,,,,,2026-10-04,backend/data/gw2-last-five/sources.md
1000560556,1000000061,2026,2000005023,SUB_UNUSED,,,,,,2026-10-04,backend/data/gw2-last-five/sources.md
1000560556,1000000061,2026,2000005024,SUB_UNUSED,,,,,,2026-10-04,backend/data/gw2-last-five/sources.md
1000560556,1000000061,2026,2000005025,STARTER,,,,,,2026-10-04,backend/data/gw2-last-five/sources.md
1000560556,1000000397,2026,2000030042,STARTER,,,,,,2026-10-04,backend/data/gw2-last-five/sources.md
1000560556,1000000397,2026,2000030043,STARTER,,,,,,2026-10-04,backend/data/gw2-last-five/sources.md
1000560556,1000000397,2026,2000030045,STARTER,,,,,,2026-10-04,backend/data/gw2-last-five/sources.md
1000560556,1000000397,2026,2000030046,STARTER,,,,,,2026-10-04,backend/data/gw2-last-five/sources.md
1000560556,1000000397,2026,2000030047,STARTER,,,,,,2026-10-04,backend/data/gw2-last-five/sources.md
1000560556,1000000397,2026,2000030049,STARTER,,,,,,2026-10-04,backend/data/gw2-last-five/sources.md
1000560556,1000000397,2026,2000030050,SUB_USED,,,,,,2026-10-04,backend/data/gw2-last-five/sources.md
1000560556,1000000397,2026,2000030051,STARTER,,,,,,2026-10-04,backend/data/gw2-last-five/sources.md
1000560556,1000000397,2026,2000030052,SUB_USED,,,,,,2026-10-04,backend/data/gw2-last-five/sources.md
1000560556,1000000397,2026,2000030054,STARTER,,,,,,2026-10-04,backend/data/gw2-last-five/sources.md
1000560556,1000000397,2026,2000030055,STARTER,,,,,,2026-10-04,backend/data/gw2-last-five/sources.md
1000560556,1000000397,2026,2000030117,STARTER,,,,,,2026-10-04,backend/data/gw2-last-five/sources.md
1000560556,1000000397,2026,2000030118,SUB_UNUSED,,,,,,2026-10-04,backend/data/gw2-last-five/sources.md
1000560556,1000000397,2026,2000030119,SUB_UNUSED,,,,,,2026-10-04,backend/data/gw2-last-five/sources.md
1000560556,1000000397,2026,2000030121,SUB_USED,,,,,,2026-10-04,backend/data/gw2-last-five/sources.md
1000560556,1000000397,2026,2000030167,STARTER,,,,,,2026-10-04,backend/data/gw2-last-five/sources.md
1000560556,1000000397,2026,2000030169,SUB_UNUSED,,,,,,2026-10-04,backend/data/gw2-last-five/sources.md
1000560556,1000000397,2026,2000030170,SUB_UNUSED,,,,,,2026-10-04,backend/data/gw2-last-five/sources.md
1000560556,1000000397,2026,2000030173,SUB_UNUSED,,,,,,2026-10-04,backend/data/gw2-last-five/sources.md
1000560556,1000000397,2026,2000030257,SUB_UNUSED,,,,,,2026-10-04,backend/data/gw2-last-five/sources.md
1000560557,1000000057,2026,2000001001,STARTER,,,,,,2026-10-04,backend/data/gw2-last-five/sources.md
1000560557,1000000057,2026,2000001003,STARTER,,,,,,2026-10-04,backend/data/gw2-last-five/sources.md
1000560557,1000000057,2026,2000001004,STARTER,,,,,,2026-10-04,backend/data/gw2-last-five/sources.md
1000560557,1000000057,2026,2000001005,SUB_UNUSED,,,,,,2026-10-04,backend/data/gw2-last-five/sources.md
1000560557,1000000057,2026,2000001006,STARTER,,,,,,2026-10-04,backend/data/gw2-last-five/sources.md
1000560557,1000000057,2026,2000001007,STARTER,,,,,,2026-10-04,backend/data/gw2-last-five/sources.md
1000560557,1000000057,2026,2000001008,STARTER,,,,,,2026-10-04,backend/data/gw2-last-five/sources.md
1000560557,1000000057,2026,2000001009,SUB_USED,,,,,,2026-10-04,backend/data/gw2-last-five/sources.md
1000560557,1000000057,2026,2000001011,SUB_UNUSED,,,,,,2026-10-04,backend/data/gw2-last-five/sources.md
1000560557,1000000057,2026,2000001012,SUB_UNUSED,,,,,,2026-10-04,backend/data/gw2-last-five/sources.md
1000560557,1000000057,2026,2000001013,SUB_USED,,,,,,2026-10-04,backend/data/gw2-last-five/sources.md
1000560557,1000000057,2026,2000001014,STARTER,,,,,,2026-10-04,backend/data/gw2-last-five/sources.md
1000560557,1000000057,2026,2000001015,SUB_UNUSED,,,,,,2026-10-04,backend/data/gw2-last-five/sources.md
1000560557,1000000057,2026,2000001017,SUB_USED,,,,,,2026-10-04,backend/data/gw2-last-five/sources.md
1000560557,1000000057,2026,2000001018,STARTER,,,,,,2026-10-04,backend/data/gw2-last-five/sources.md
1000560557,1000000057,2026,2000001020,STARTER,,,,,,2026-10-04,backend/data/gw2-last-five/sources.md
1000560557,1000000057,2026,2000001021,SUB_USED,,,,,,2026-10-04,backend/data/gw2-last-five/sources.md
1000560557,1000000057,2026,2000001022,SUB_USED,,,,,,2026-10-04,backend/data/gw2-last-five/sources.md
1000560557,1000000057,2026,2000001023,STARTER,,,,,,2026-10-04,backend/data/gw2-last-five/sources.md
1000560557,1000000057,2026,2000001024,STARTER,,,,,,2026-10-04,backend/data/gw2-last-five/sources.md
1000560557,1000000058,2026,18846,SUB_USED,,,,,,2026-10-04,backend/data/gw2-last-five/sources.md
1000560557,1000000058,2026,283058,STARTER,,,,,,2026-10-04,backend/data/gw2-last-five/sources.md
1000560557,1000000058,2026,2000030056,STARTER,,,,,,2026-10-04,backend/data/gw2-last-five/sources.md
1000560557,1000000058,2026,2000030058,STARTER,,,,,,2026-10-04,backend/data/gw2-last-five/sources.md
1000560557,1000000058,2026,2000030059,STARTER,,,,,,2026-10-04,backend/data/gw2-last-five/sources.md
1000560557,1000000058,2026,2000030060,SUB_USED,,,,,,2026-10-04,backend/data/gw2-last-five/sources.md
1000560557,1000000058,2026,2000030061,STARTER,,,,,,2026-10-04,backend/data/gw2-last-five/sources.md
1000560557,1000000058,2026,2000030062,SUB_USED,,,,,,2026-10-04,backend/data/gw2-last-five/sources.md
1000560557,1000000058,2026,2000030063,SUB_UNUSED,,,,,,2026-10-04,backend/data/gw2-last-five/sources.md
1000560557,1000000058,2026,2000030064,STARTER,,,,,,2026-10-04,backend/data/gw2-last-five/sources.md
1000560557,1000000058,2026,2000030065,SUB_UNUSED,,,,,,2026-10-04,backend/data/gw2-last-five/sources.md
1000560557,1000000058,2026,2000030066,STARTER,,,,,,2026-10-04,backend/data/gw2-last-five/sources.md
1000560557,1000000058,2026,2000030067,SUB_UNUSED,,,,,,2026-10-04,backend/data/gw2-last-five/sources.md
1000560557,1000000058,2026,2000030068,STARTER,,,,,,2026-10-04,backend/data/gw2-last-five/sources.md
1000560557,1000000058,2026,2000030069,SUB_UNUSED,,,,,,2026-10-04,backend/data/gw2-last-five/sources.md
1000560557,1000000058,2026,2000030122,STARTER,,,,,,2026-10-04,backend/data/gw2-last-five/sources.md
1000560557,1000000058,2026,2000030123,STARTER,,,,,,2026-10-04,backend/data/gw2-last-five/sources.md
1000560557,1000000058,2026,2000030124,STARTER,,,,,,2026-10-04,backend/data/gw2-last-five/sources.md
1000560557,1000000058,2026,2000030127,SUB_UNUSED,,,,,,2026-10-04,backend/data/gw2-last-five/sources.md
1000560557,1000000058,2026,2000030147,SUB_USED,,,,,,2026-10-04,backend/data/gw2-last-five/sources.md
1000560558,1000000067,2026,2000030070,STARTER,,,,,,2026-10-04,backend/data/gw2-next-three/sources.md
1000560558,1000000067,2026,2000030071,STARTER,,,,,,2026-10-04,backend/data/gw2-next-three/sources.md
1000560558,1000000067,2026,2000030072,STARTER,,,,,,2026-10-04,backend/data/gw2-next-three/sources.md
1000560558,1000000067,2026,2000030074,STARTER,,,,,,2026-10-04,backend/data/gw2-next-three/sources.md
1000560558,1000000067,2026,2000030075,SUB_UNUSED,,,,,,2026-10-04,backend/data/gw2-next-three/sources.md
1000560558,1000000067,2026,2000030076,SUB_USED,,,,,,2026-10-04,backend/data/gw2-next-three/sources.md
1000560558,1000000067,2026,2000030077,SUB_UNUSED,,,,,,2026-10-04,backend/data/gw2-next-three/sources.md
1000560558,1000000067,2026,2000030078,STARTER,,,,,,2026-10-04,backend/data/gw2-next-three/sources.md
1000560558,1000000067,2026,2000030079,SUB_USED,,,,,,2026-10-04,backend/data/gw2-next-three/sources.md
1000560558,1000000067,2026,2000030080,SUB_USED,,,,,,2026-10-04,backend/data/gw2-next-three/sources.md
1000560558,1000000067,2026,2000030081,STARTER,,,,,,2026-10-04,backend/data/gw2-next-three/sources.md
1000560558,1000000067,2026,2000030106,STARTER,,,,,,2026-10-04,backend/data/gw2-next-three/sources.md
1000560558,1000000067,2026,2000030128,STARTER,,,,,,2026-10-04,backend/data/gw2-next-three/sources.md
1000560558,1000000067,2026,2000030129,STARTER,,,,,,2026-10-04,backend/data/gw2-next-three/sources.md
1000560558,1000000067,2026,2000030130,STARTER,,,,,,2026-10-04,backend/data/gw2-next-three/sources.md
1000560558,1000000067,2026,2000030131,STARTER,,,,,,2026-10-04,backend/data/gw2-next-three/sources.md
1000560558,1000000067,2026,2000030132,SUB_UNUSED,,,,,,2026-10-04,backend/data/gw2-next-three/sources.md
1000560558,1000000067,2026,2000030133,SUB_UNUSED,,,,,,2026-10-04,backend/data/gw2-next-three/sources.md
1000560558,1000000067,2026,2000030134,SUB_USED,,,,,,2026-10-04,backend/data/gw2-next-three/sources.md
1000560558,1000000067,2026,2000030135,SUB_USED,,,,,,2026-10-04,backend/data/gw2-next-three/sources.md
1000560558,1000000073,2026,15911,SUB_USED,,,,,,2026-10-04,backend/data/gw2-next-three/sources.md
1000560558,1000000073,2026,47519,STARTER,,,,,,2026-10-04,backend/data/gw2-next-three/sources.md
1000560558,1000000073,2026,152849,STARTER,,,,,,2026-10-04,backend/data/gw2-next-three/sources.md
1000560558,1000000073,2026,2000030015,STARTER,,,,,,2026-10-04,backend/data/gw2-next-three/sources.md
1000560558,1000000073,2026,2000030016,SUB_USED,,,,,,2026-10-04,backend/data/gw2-next-three/sources.md
1000560558,1000000073,2026,2000030017,STARTER,,,,,,2026-10-04,backend/data/gw2-next-three/sources.md
1000560558,1000000073,2026,2000030018,SUB_USED,,,,,,2026-10-04,backend/data/gw2-next-three/sources.md
1000560558,1000000073,2026,2000030021,SUB_USED,,,,,,2026-10-04,backend/data/gw2-next-three/sources.md
1000560558,1000000073,2026,2000030022,SUB_UNUSED,,,,,,2026-10-04,backend/data/gw2-next-three/sources.md
1000560558,1000000073,2026,2000030023,STARTER,,,,,,2026-10-04,backend/data/gw2-next-three/sources.md
1000560558,1000000073,2026,2000030024,STARTER,,,,,,2026-10-04,backend/data/gw2-next-three/sources.md
1000560558,1000000073,2026,2000030025,SUB_UNUSED,,,,,,2026-10-04,backend/data/gw2-next-three/sources.md
1000560558,1000000073,2026,2000030026,SUB_UNUSED,,,,,,2026-10-04,backend/data/gw2-next-three/sources.md
1000560558,1000000073,2026,2000030027,STARTER,,,,,,2026-10-04,backend/data/gw2-next-three/sources.md
1000560558,1000000073,2026,2000030028,STARTER,,,,,,2026-10-04,backend/data/gw2-next-three/sources.md
1000560558,1000000073,2026,2000030100,STARTER,,,,,,2026-10-04,backend/data/gw2-next-three/sources.md
1000560558,1000000073,2026,2000030101,STARTER,,,,,,2026-10-04,backend/data/gw2-next-three/sources.md
1000560558,1000000073,2026,2000030102,SUB_UNUSED,,,,,,2026-10-04,backend/data/gw2-next-three/sources.md
1000560558,1000000073,2026,2000030104,SUB_UNUSED,,,,,,2026-10-04,backend/data/gw2-next-three/sources.md
1000560558,1000000073,2026,2000030107,STARTER,,,,,,2026-10-04,backend/data/gw2-next-three/sources.md
1000560559,1000000341,2026,2000014001,STARTER,,,,,,2026-10-04,backend/data/gw2-last-five/sources.md
1000560559,1000000341,2026,2000014002,STARTER,,,,,,2026-10-04,backend/data/gw2-last-five/sources.md
1000560559,1000000341,2026,2000014003,STARTER,,,,,,2026-10-04,backend/data/gw2-last-five/sources.md
1000560559,1000000341,2026,2000014004,STARTER,,,,,,2026-10-04,backend/data/gw2-last-five/sources.md
1000560559,1000000341,2026,2000014005,STARTER,,,,,,2026-10-04,backend/data/gw2-last-five/sources.md
1000560559,1000000341,2026,2000020065,STARTER,,,,,,2026-10-04,backend/data/gw2-last-five/sources.md
1000560559,1000000341,2026,2000020066,SUB_USED,,,,,,2026-10-04,backend/data/gw2-last-five/sources.md
1000560559,1000000341,2026,2000020067,STARTER,,,,,,2026-10-04,backend/data/gw2-last-five/sources.md
1000560559,1000000341,2026,2000020068,STARTER,,,,,,2026-10-04,backend/data/gw2-last-five/sources.md
1000560559,1000000341,2026,2000020069,STARTER,,,,,,2026-10-04,backend/data/gw2-last-five/sources.md
1000560559,1000000341,2026,2000020070,STARTER,,,,,,2026-10-04,backend/data/gw2-last-five/sources.md
1000560559,1000000341,2026,2000020071,STARTER,,,,,,2026-10-04,backend/data/gw2-last-five/sources.md
1000560559,1000000341,2026,2000020072,SUB_UNUSED,,,,,,2026-10-04,backend/data/gw2-last-five/sources.md
1000560559,1000000341,2026,2000020080,SUB_USED,,,,,,2026-10-04,backend/data/gw2-last-five/sources.md
1000560559,1000000341,2026,2000020082,SUB_USED,,,,,,2026-10-04,backend/data/gw2-last-five/sources.md
1000560559,1000000341,2026,2000020083,SUB_USED,,,,,,2026-10-04,backend/data/gw2-last-five/sources.md
1000560559,1000000341,2026,2000020084,SUB_USED,,,,,,2026-10-04,backend/data/gw2-last-five/sources.md
1000560559,1000000341,2026,2000030220,SUB_UNUSED,,,,,,2026-10-04,backend/data/gw2-last-five/sources.md
1000560559,1000000341,2026,2000030223,SUB_UNUSED,,,,,,2026-10-04,backend/data/gw2-last-five/sources.md
1000560559,1000000341,2026,2000030258,SUB_UNUSED,,,,,,2026-10-04,backend/data/gw2-last-five/sources.md
1000560559,1000000402,2026,153066,SUB_UNUSED,,,,,,2026-10-04,backend/data/gw2-last-five/sources.md
1000560559,1000000402,2026,2000030001,STARTER,,,,,,2026-10-04,backend/data/gw2-last-five/sources.md
1000560559,1000000402,2026,2000030002,STARTER,,,,,,2026-10-04,backend/data/gw2-last-five/sources.md
1000560559,1000000402,2026,2000030003,STARTER,,,,,,2026-10-04,backend/data/gw2-last-five/sources.md
1000560559,1000000402,2026,2000030004,STARTER,,,,,,2026-10-04,backend/data/gw2-last-five/sources.md
1000560559,1000000402,2026,2000030005,STARTER,,,,,,2026-10-04,backend/data/gw2-last-five/sources.md
1000560559,1000000402,2026,2000030006,STARTER,,,,,,2026-10-04,backend/data/gw2-last-five/sources.md
1000560559,1000000402,2026,2000030007,SUB_USED,,,,,,2026-10-04,backend/data/gw2-last-five/sources.md
1000560559,1000000402,2026,2000030008,SUB_USED,,,,,,2026-10-04,backend/data/gw2-last-five/sources.md
1000560559,1000000402,2026,2000030009,STARTER,,,,,,2026-10-04,backend/data/gw2-last-five/sources.md
1000560559,1000000402,2026,2000030010,STARTER,,,,,,2026-10-04,backend/data/gw2-last-five/sources.md
1000560559,1000000402,2026,2000030011,SUB_USED,,,,,,2026-10-04,backend/data/gw2-last-five/sources.md
1000560559,1000000402,2026,2000030012,SUB_USED,,,,,,2026-10-04,backend/data/gw2-last-five/sources.md
1000560559,1000000402,2026,2000030014,STARTER,,,,,,2026-10-04,backend/data/gw2-last-five/sources.md
1000560559,1000000402,2026,2000030094,STARTER,,,,,,2026-10-04,backend/data/gw2-last-five/sources.md
1000560559,1000000402,2026,2000030095,STARTER,,,,,,2026-10-04,backend/data/gw2-last-five/sources.md
1000560559,1000000402,2026,2000030096,SUB_UNUSED,,,,,,2026-10-04,backend/data/gw2-last-five/sources.md
1000560559,1000000402,2026,2000030097,SUB_USED,,,,,,2026-10-04,backend/data/gw2-last-five/sources.md
1000560559,1000000402,2026,2000030099,SUB_UNUSED,,,,,,2026-10-04,backend/data/gw2-last-five/sources.md
1000560559,1000000402,2026,2000030163,SUB_UNUSED,,,,,,2026-10-04,backend/data/gw2-last-five/sources.md
1000560560,1000000062,2026,284500,SUB_USED,,,,,,2026-10-04,backend/data/gw2-next-three/sources.md
1000560560,1000000062,2026,2000015001,STARTER,,,,,,2026-10-04,backend/data/gw2-next-three/sources.md
1000560560,1000000062,2026,2000015002,STARTER,,,,,,2026-10-04,backend/data/gw2-next-three/sources.md
1000560560,1000000062,2026,2000015003,STARTER,,,,,,2026-10-04,backend/data/gw2-next-three/sources.md
1000560560,1000000062,2026,2000015004,STARTER,,,,,,2026-10-04,backend/data/gw2-next-three/sources.md
1000560560,1000000062,2026,2000015005,STARTER,,,,,,2026-10-04,backend/data/gw2-next-three/sources.md
1000560560,1000000062,2026,2000020085,STARTER,,,,,,2026-10-04,backend/data/gw2-next-three/sources.md
1000560560,1000000062,2026,2000020086,STARTER,,,,,,2026-10-04,backend/data/gw2-next-three/sources.md
1000560560,1000000062,2026,2000020087,STARTER,,,,,,2026-10-04,backend/data/gw2-next-three/sources.md
1000560560,1000000062,2026,2000020088,SUB_USED,,,,,,2026-10-04,backend/data/gw2-next-three/sources.md
1000560560,1000000062,2026,2000020089,STARTER,,,,,,2026-10-04,backend/data/gw2-next-three/sources.md
1000560560,1000000062,2026,2000020090,STARTER,,,,,,2026-10-04,backend/data/gw2-next-three/sources.md
1000560560,1000000062,2026,2000020091,STARTER,,,,,,2026-10-04,backend/data/gw2-next-three/sources.md
1000560560,1000000062,2026,2000020092,SUB_USED,,,,,,2026-10-04,backend/data/gw2-next-three/sources.md
1000560560,1000000062,2026,2000020093,SUB_USED,,,,,,2026-10-04,backend/data/gw2-next-three/sources.md
1000560560,1000000062,2026,2000020094,SUB_USED,,,,,,2026-10-04,backend/data/gw2-next-three/sources.md
1000560560,1000000062,2026,2000020109,SUB_UNUSED,,,,,,2026-10-04,backend/data/gw2-next-three/sources.md
1000560560,1000000062,2026,2000020111,SUB_UNUSED,,,,,,2026-10-04,backend/data/gw2-next-three/sources.md
1000560560,1000000062,2026,2000020112,SUB_UNUSED,,,,,,2026-10-04,backend/data/gw2-next-three/sources.md
1000560560,1000000062,2026,2000020113,SUB_UNUSED,,,,,,2026-10-04,backend/data/gw2-next-three/sources.md
1000560560,1000001044,2026,1125,SUB_USED,,,,,,2026-10-04,backend/data/gw2-next-three/sources.md
1000560560,1000001044,2026,2000030030,STARTER,,,,,,2026-10-04,backend/data/gw2-next-three/sources.md
1000560560,1000001044,2026,2000030031,STARTER,,,,,,2026-10-04,backend/data/gw2-next-three/sources.md
1000560560,1000001044,2026,2000030032,STARTER,,,,,,2026-10-04,backend/data/gw2-next-three/sources.md
1000560560,1000001044,2026,2000030033,STARTER,,,,,,2026-10-04,backend/data/gw2-next-three/sources.md
1000560560,1000001044,2026,2000030034,SUB_UNUSED,,,,,,2026-10-04,backend/data/gw2-next-three/sources.md
1000560560,1000001044,2026,2000030035,STARTER,,,,,,2026-10-04,backend/data/gw2-next-three/sources.md
1000560560,1000001044,2026,2000030036,SUB_USED,,,,,,2026-10-04,backend/data/gw2-next-three/sources.md
1000560560,1000001044,2026,2000030037,STARTER,,,,,,2026-10-04,backend/data/gw2-next-three/sources.md
1000560560,1000001044,2026,2000030039,STARTER,,,,,,2026-10-04,backend/data/gw2-next-three/sources.md
1000560560,1000001044,2026,2000030040,SUB_UNUSED,,,,,,2026-10-04,backend/data/gw2-next-three/sources.md
1000560560,1000001044,2026,2000030108,STARTER,,,,,,2026-10-04,backend/data/gw2-next-three/sources.md
1000560560,1000001044,2026,2000030109,STARTER,,,,,,2026-10-04,backend/data/gw2-next-three/sources.md
1000560560,1000001044,2026,2000030110,STARTER,,,,,,2026-10-04,backend/data/gw2-next-three/sources.md
1000560560,1000001044,2026,2000030111,STARTER,,,,,,2026-10-04,backend/data/gw2-next-three/sources.md
1000560560,1000001044,2026,2000030113,SUB_UNUSED,,,,,,2026-10-04,backend/data/gw2-next-three/sources.md
1000560560,1000001044,2026,2000030115,SUB_USED,,,,,,2026-10-04,backend/data/gw2-next-three/sources.md
1000560560,1000001044,2026,2000030116,SUB_USED,,,,,,2026-10-04,backend/data/gw2-next-three/sources.md
1000560560,1000001044,2026,2000030154,SUB_UNUSED,,,,,,2026-10-04,backend/data/gw2-next-three/sources.md
1000560560,1000001044,2026,2000030157,SUB_UNUSED,,,,,,2026-10-04,backend/data/gw2-next-three/sources.md
1000560561,1000000322,2026,2000010001,STARTER,,,,,,2026-10-04,backend/data/gw2-last-five/sources.md
1000560561,1000000322,2026,2000010002,STARTER,,,,,,2026-10-04,backend/data/gw2-last-five/sources.md
1000560561,1000000322,2026,2000010003,STARTER,,,,,,2026-10-04,backend/data/gw2-last-five/sources.md
1000560561,1000000322,2026,2000010004,STARTER,,,,,,2026-10-04,backend/data/gw2-last-five/sources.md
1000560561,1000000322,2026,2000010005,STARTER,,,,,,2026-10-04,backend/data/gw2-last-five/sources.md
1000560561,1000000322,2026,2000020004,STARTER,,,,,,2026-10-04,backend/data/gw2-last-five/sources.md
1000560561,1000000322,2026,2000020005,STARTER,,,,,,2026-10-04,backend/data/gw2-last-five/sources.md
1000560561,1000000322,2026,2000020006,STARTER,,,,,,2026-10-04,backend/data/gw2-last-five/sources.md
1000560561,1000000322,2026,2000020008,STARTER,,,,,,2026-10-04,backend/data/gw2-last-five/sources.md
1000560561,1000000322,2026,2000020009,STARTER,,,,,,2026-10-04,backend/data/gw2-last-five/sources.md
1000560561,1000000322,2026,2000020010,SUB_USED,,,,,,2026-10-04,backend/data/gw2-last-five/sources.md
1000560561,1000000322,2026,2000020011,SUB_UNUSED,,,,,,2026-10-04,backend/data/gw2-last-five/sources.md
1000560561,1000000322,2026,2000020012,SUB_USED,,,,,,2026-10-04,backend/data/gw2-last-five/sources.md
1000560561,1000000322,2026,2000020013,SUB_USED,,,,,,2026-10-04,backend/data/gw2-last-five/sources.md
1000560561,1000000322,2026,2000020014,SUB_UNUSED,,,,,,2026-10-04,backend/data/gw2-last-five/sources.md
1000560561,1000000322,2026,2000020015,SUB_UNUSED,,,,,,2026-10-04,backend/data/gw2-last-five/sources.md
1000560561,1000000322,2026,2000020016,SUB_USED,,,,,,2026-10-04,backend/data/gw2-last-five/sources.md
1000560561,1000000322,2026,2000020018,SUB_UNUSED,,,,,,2026-10-04,backend/data/gw2-last-five/sources.md
1000560561,1000000322,2026,2000030206,STARTER,,,,,,2026-10-04,backend/data/gw2-last-five/sources.md
1000560561,1000000322,2026,2000030207,SUB_USED,,,,,,2026-10-04,backend/data/gw2-last-five/sources.md
1000560561,1000001076,2026,2000002001,SUB_USED,,,,,,2026-10-04,backend/data/gw2-last-five/sources.md
1000560561,1000001076,2026,2000002002,STARTER,,,,,,2026-10-04,backend/data/gw2-last-five/sources.md
1000560561,1000001076,2026,2000002003,STARTER,,,,,,2026-10-04,backend/data/gw2-last-five/sources.md
1000560561,1000001076,2026,2000002004,STARTER,,,,,,2026-10-04,backend/data/gw2-last-five/sources.md
1000560561,1000001076,2026,2000002005,STARTER,,,,,,2026-10-04,backend/data/gw2-last-five/sources.md
1000560561,1000001076,2026,2000002006,SUB_USED,,,,,,2026-10-04,backend/data/gw2-last-five/sources.md
1000560561,1000001076,2026,2000002007,STARTER,,,,,,2026-10-04,backend/data/gw2-last-five/sources.md
1000560561,1000001076,2026,2000002008,SUB_UNUSED,,,,,,2026-10-04,backend/data/gw2-last-five/sources.md
1000560561,1000001076,2026,2000002009,STARTER,,,,,,2026-10-04,backend/data/gw2-last-five/sources.md
1000560561,1000001076,2026,2000002013,STARTER,,,,,,2026-10-04,backend/data/gw2-last-five/sources.md
1000560561,1000001076,2026,2000002015,STARTER,,,,,,2026-10-04,backend/data/gw2-last-five/sources.md
1000560561,1000001076,2026,2000002016,STARTER,,,,,,2026-10-04,backend/data/gw2-last-five/sources.md
1000560561,1000001076,2026,2000002019,SUB_UNUSED,,,,,,2026-10-04,backend/data/gw2-last-five/sources.md
1000560561,1000001076,2026,2000002020,SUB_USED,,,,,,2026-10-04,backend/data/gw2-last-five/sources.md
1000560561,1000001076,2026,2000002021,STARTER,,,,,,2026-10-04,backend/data/gw2-last-five/sources.md
1000560561,1000001076,2026,2000002022,SUB_UNUSED,,,,,,2026-10-04,backend/data/gw2-last-five/sources.md
1000560561,1000001076,2026,2000002024,STARTER,,,,,,2026-10-04,backend/data/gw2-last-five/sources.md
1000560561,1000001076,2026,2000002026,SUB_USED,,,,,,2026-10-04,backend/data/gw2-last-five/sources.md
1000560561,1000001076,2026,2000002028,SUB_USED,,,,,,2026-10-04,backend/data/gw2-last-five/sources.md
1000560561,1000001076,2026,2000020002,SUB_UNUSED,,,,,,2026-10-04,backend/data/gw2-last-five/sources.md
1000560562,1000000073,2026,15911,SUB_USED,,,,,,2026-10-04,backend/data/gw3-first-five/sources.md
1000560562,1000000073,2026,47519,STARTER,,,,,,2026-10-04,backend/data/gw3-first-five/sources.md
1000560562,1000000073,2026,63577,SUB_USED,,,,,,2026-10-04,backend/data/gw3-first-five/sources.md
1000560562,1000000073,2026,152849,STARTER,,,,,,2026-10-04,backend/data/gw3-first-five/sources.md
1000560562,1000000073,2026,2000030015,STARTER,,,,,,2026-10-04,backend/data/gw3-first-five/sources.md
1000560562,1000000073,2026,2000030016,STARTER,,,,,,2026-10-04,backend/data/gw3-first-five/sources.md
1000560562,1000000073,2026,2000030017,SUB_UNUSED,,,,,,2026-10-04,backend/data/gw3-first-five/sources.md
1000560562,1000000073,2026,2000030018,SUB_USED,,,,,,2026-10-04,backend/data/gw3-first-five/sources.md
1000560562,1000000073,2026,2000030022,SUB_UNUSED,,,,,,2026-10-04,backend/data/gw3-first-five/sources.md
1000560562,1000000073,2026,2000030023,STARTER,,,,,,2026-10-04,backend/data/gw3-first-five/sources.md
1000560562,1000000073,2026,2000030024,SUB_USED,,,,,,2026-10-04,backend/data/gw3-first-five/sources.md
1000560562,1000000073,2026,2000030025,STARTER,,,,,,2026-10-04,backend/data/gw3-first-five/sources.md
1000560562,1000000073,2026,2000030026,SUB_UNUSED,,,,,,2026-10-04,backend/data/gw3-first-five/sources.md
1000560562,1000000073,2026,2000030027,SUB_USED,,,,,,2026-10-04,backend/data/gw3-first-five/sources.md
1000560562,1000000073,2026,2000030028,STARTER,,,,,,2026-10-04,backend/data/gw3-first-five/sources.md
1000560562,1000000073,2026,2000030100,STARTER,,,,,,2026-10-04,backend/data/gw3-first-five/sources.md
1000560562,1000000073,2026,2000030101,STARTER,,,,,,2026-10-04,backend/data/gw3-first-five/sources.md
1000560562,1000000073,2026,2000030102,SUB_UNUSED,,,,,,2026-10-04,backend/data/gw3-first-five/sources.md
1000560562,1000000073,2026,2000030107,STARTER,,,,,,2026-10-04,backend/data/gw3-first-five/sources.md
1000560562,1000000073,2026,2000030246,STARTER,,,,,,2026-10-04,backend/data/gw3-first-five/sources.md
1000560562,1000000351,2026,19305,SUB_UNUSED,,,,,,2026-10-04,backend/data/gw3-first-five/sources.md
1000560562,1000000351,2026,161948,STARTER,,,,,,2026-10-04,backend/data/gw3-first-five/sources.md
1000560562,1000000351,2026,2000013001,STARTER,,,,,,2026-10-04,backend/data/gw3-first-five/sources.md
1000560562,1000000351,2026,2000013002,STARTER,,,,,,2026-10-04,backend/data/gw3-first-five/sources.md
1000560562,1000000351,2026,2000020052,STARTER,,,,,,2026-10-04,backend/data/gw3-first-five/sources.md
1000560562,1000000351,2026,2000020053,STARTER,,,,,,2026-10-04,backend/data/gw3-first-five/sources.md
1000560562,1000000351,2026,2000020055,STARTER,,,,,,2026-10-04,backend/data/gw3-first-five/sources.md
1000560562,1000000351,2026,2000020056,SUB_USED,,,,,,2026-10-04,backend/data/gw3-first-five/sources.md
1000560562,1000000351,2026,2000020057,STARTER,,,,,,2026-10-04,backend/data/gw3-first-five/sources.md
1000560562,1000000351,2026,2000020058,STARTER,,,,,,2026-10-04,backend/data/gw3-first-five/sources.md
1000560562,1000000351,2026,2000020059,STARTER,,,,,,2026-10-04,backend/data/gw3-first-five/sources.md
1000560562,1000000351,2026,2000020060,STARTER,,,,,,2026-10-04,backend/data/gw3-first-five/sources.md
1000560562,1000000351,2026,2000020061,SUB_USED,,,,,,2026-10-04,backend/data/gw3-first-five/sources.md
1000560562,1000000351,2026,2000020062,SUB_UNUSED,,,,,,2026-10-04,backend/data/gw3-first-five/sources.md
1000560562,1000000351,2026,2000020063,STARTER,,,,,,2026-10-04,backend/data/gw3-first-five/sources.md
1000560562,1000000351,2026,2000020073,SUB_UNUSED,,,,,,2026-10-04,backend/data/gw3-first-five/sources.md
1000560562,1000000351,2026,2000020074,SUB_USED,,,,,,2026-10-04,backend/data/gw3-first-five/sources.md
1000560562,1000000351,2026,2000020076,SUB_UNUSED,,,,,,2026-10-04,backend/data/gw3-first-five/sources.md
1000560562,1000000351,2026,2000020077,SUB_UNUSED,,,,,,2026-10-04,backend/data/gw3-first-five/sources.md
1000560562,1000000351,2026,2000020095,SUB_USED,,,,,,2026-10-04,backend/data/gw3-first-five/sources.md
1000560563,1000000065,2026,2000004001,STARTER,,,,,,2026-10-04,backend/data/gw3-first-five/sources.md
1000560563,1000000065,2026,2000004002,STARTER,,,,,,2026-10-04,backend/data/gw3-first-five/sources.md
1000560563,1000000065,2026,2000004003,STARTER,,,,,,2026-10-04,backend/data/gw3-first-five/sources.md
1000560563,1000000065,2026,2000004004,STARTER,,,,,,2026-10-04,backend/data/gw3-first-five/sources.md
1000560563,1000000065,2026,2000004005,STARTER,,,,,,2026-10-04,backend/data/gw3-first-five/sources.md
1000560563,1000000065,2026,2000004006,SUB_UNUSED,,,,,,2026-10-04,backend/data/gw3-first-five/sources.md
1000560563,1000000065,2026,2000004007,STARTER,,,,,,2026-10-04,backend/data/gw3-first-five/sources.md
1000560563,1000000065,2026,2000004008,STARTER,,,,,,2026-10-04,backend/data/gw3-first-five/sources.md
1000560563,1000000065,2026,2000004011,STARTER,,,,,,2026-10-04,backend/data/gw3-first-five/sources.md
1000560563,1000000065,2026,2000004012,SUB_UNUSED,,,,,,2026-10-04,backend/data/gw3-first-five/sources.md
1000560563,1000000065,2026,2000004014,STARTER,,,,,,2026-10-04,backend/data/gw3-first-five/sources.md
1000560563,1000000065,2026,2000004015,SUB_UNUSED,,,,,,2026-10-04,backend/data/gw3-first-five/sources.md
1000560563,1000000065,2026,2000004016,SUB_UNUSED,,,,,,2026-10-04,backend/data/gw3-first-five/sources.md
1000560563,1000000065,2026,2000004017,SUB_USED,,,,,,2026-10-04,backend/data/gw3-first-five/sources.md
1000560563,1000000065,2026,2000004020,STARTER,,,,,,2026-10-04,backend/data/gw3-first-five/sources.md
1000560563,1000000065,2026,2000004021,STARTER,,,,,,2026-10-04,backend/data/gw3-first-five/sources.md
1000560563,1000000065,2026,2000004022,SUB_USED,,,,,,2026-10-04,backend/data/gw3-first-five/sources.md
1000560563,1000000065,2026,2000004023,SUB_USED,,,,,,2026-10-04,backend/data/gw3-first-five/sources.md
1000560563,1000000065,2026,2000004025,SUB_UNUSED,,,,,,2026-10-04,backend/data/gw3-first-five/sources.md
1000560563,1000000065,2026,2000030232,SUB_UNUSED,,,,,,2026-10-04,backend/data/gw3-first-five/sources.md
1000560563,1000001076,2026,2000002001,STARTER,,,,,,2026-10-04,backend/data/gw3-first-five/sources.md
1000560563,1000001076,2026,2000002002,STARTER,,,,,,2026-10-04,backend/data/gw3-first-five/sources.md
1000560563,1000001076,2026,2000002003,STARTER,,,,,,2026-10-04,backend/data/gw3-first-five/sources.md
1000560563,1000001076,2026,2000002004,STARTER,,,,,,2026-10-04,backend/data/gw3-first-five/sources.md
1000560563,1000001076,2026,2000002005,STARTER,,,,,,2026-10-04,backend/data/gw3-first-five/sources.md
1000560563,1000001076,2026,2000002006,SUB_UNUSED,,,,,,2026-10-04,backend/data/gw3-first-five/sources.md
1000560563,1000001076,2026,2000002007,SUB_USED,,,,,,2026-10-04,backend/data/gw3-first-five/sources.md
1000560563,1000001076,2026,2000002008,SUB_USED,,,,,,2026-10-04,backend/data/gw3-first-five/sources.md
1000560563,1000001076,2026,2000002009,STARTER,,,,,,2026-10-04,backend/data/gw3-first-five/sources.md
1000560563,1000001076,2026,2000002013,STARTER,,,,,,2026-10-04,backend/data/gw3-first-five/sources.md
1000560563,1000001076,2026,2000002014,STARTER,,,,,,2026-10-04,backend/data/gw3-first-five/sources.md
1000560563,1000001076,2026,2000002015,SUB_USED,,,,,,2026-10-04,backend/data/gw3-first-five/sources.md
1000560563,1000001076,2026,2000002016,STARTER,,,,,,2026-10-04,backend/data/gw3-first-five/sources.md
1000560563,1000001076,2026,2000002019,SUB_UNUSED,,,,,,2026-10-04,backend/data/gw3-first-five/sources.md
1000560563,1000001076,2026,2000002020,SUB_USED,,,,,,2026-10-04,backend/data/gw3-first-five/sources.md
1000560563,1000001076,2026,2000002021,STARTER,,,,,,2026-10-04,backend/data/gw3-first-five/sources.md
1000560563,1000001076,2026,2000002022,SUB_UNUSED,,,,,,2026-10-04,backend/data/gw3-first-five/sources.md
1000560563,1000001076,2026,2000002024,STARTER,,,,,,2026-10-04,backend/data/gw3-first-five/sources.md
1000560563,1000001076,2026,2000002026,SUB_UNUSED,,,,,,2026-10-04,backend/data/gw3-first-five/sources.md
1000560563,1000001076,2026,2000002028,SUB_USED,,,,,,2026-10-04,backend/data/gw3-first-five/sources.md
1000560564,1000000341,2026,2000014001,STARTER,,,,,,2026-10-04,backend/data/gw3-first-five/sources.md
1000560564,1000000341,2026,2000014002,STARTER,,,,,,2026-10-04,backend/data/gw3-first-five/sources.md
1000560564,1000000341,2026,2000014003,SUB_USED,,,,,,2026-10-04,backend/data/gw3-first-five/sources.md
1000560564,1000000341,2026,2000014004,STARTER,,,,,,2026-10-04,backend/data/gw3-first-five/sources.md
1000560564,1000000341,2026,2000020065,STARTER,,,,,,2026-10-04,backend/data/gw3-first-five/sources.md
1000560564,1000000341,2026,2000020066,SUB_USED,,,,,,2026-10-04,backend/data/gw3-first-five/sources.md
1000560564,1000000341,2026,2000020067,STARTER,,,,,,2026-10-04,backend/data/gw3-first-five/sources.md
1000560564,1000000341,2026,2000020068,STARTER,,,,,,2026-10-04,backend/data/gw3-first-five/sources.md
1000560564,1000000341,2026,2000020069,SUB_USED,,,,,,2026-10-04,backend/data/gw3-first-five/sources.md
1000560564,1000000341,2026,2000020070,STARTER,,,,,,2026-10-04,backend/data/gw3-first-five/sources.md
1000560564,1000000341,2026,2000020071,STARTER,,,,,,2026-10-04,backend/data/gw3-first-five/sources.md
1000560564,1000000341,2026,2000020072,SUB_UNUSED,,,,,,2026-10-04,backend/data/gw3-first-five/sources.md
1000560564,1000000341,2026,2000020080,STARTER,,,,,,2026-10-04,backend/data/gw3-first-five/sources.md
1000560564,1000000341,2026,2000020082,STARTER,,,,,,2026-10-04,backend/data/gw3-first-five/sources.md
1000560564,1000000341,2026,2000020083,SUB_UNUSED,,,,,,2026-10-04,backend/data/gw3-first-five/sources.md
1000560564,1000000341,2026,2000020084,SUB_USED,,,,,,2026-10-04,backend/data/gw3-first-five/sources.md
1000560564,1000000341,2026,2000030220,STARTER,,,,,,2026-10-04,backend/data/gw3-first-five/sources.md
1000560564,1000000341,2026,2000030224,SUB_UNUSED,,,,,,2026-10-04,backend/data/gw3-first-five/sources.md
1000560564,1000000341,2026,2000030225,SUB_UNUSED,,,,,,2026-10-04,backend/data/gw3-first-five/sources.md
1000560564,1000000341,2026,2000030226,SUB_UNUSED,,,,,,2026-10-04,backend/data/gw3-first-five/sources.md
1000560564,1000000397,2026,2000030042,STARTER,,,,,,2026-10-04,backend/data/gw3-first-five/sources.md
1000560564,1000000397,2026,2000030043,STARTER,,,,,,2026-10-04,backend/data/gw3-first-five/sources.md
1000560564,1000000397,2026,2000030045,STARTER,,,,,,2026-10-04,backend/data/gw3-first-five/sources.md
1000560564,1000000397,2026,2000030046,STARTER,,,,,,2026-10-04,backend/data/gw3-first-five/sources.md
1000560564,1000000397,2026,2000030048,STARTER,,,,,,2026-10-04,backend/data/gw3-first-five/sources.md
1000560564,1000000397,2026,2000030049,STARTER,,,,,,2026-10-04,backend/data/gw3-first-five/sources.md
1000560564,1000000397,2026,2000030050,SUB_USED,,,,,,2026-10-04,backend/data/gw3-first-five/sources.md
1000560564,1000000397,2026,2000030051,STARTER,,,,,,2026-10-04,backend/data/gw3-first-five/sources.md
1000560564,1000000397,2026,2000030052,SUB_UNUSED,,,,,,2026-10-04,backend/data/gw3-first-five/sources.md
1000560564,1000000397,2026,2000030054,STARTER,,,,,,2026-10-04,backend/data/gw3-first-five/sources.md
1000560564,1000000397,2026,2000030055,STARTER,,,,,,2026-10-04,backend/data/gw3-first-five/sources.md
1000560564,1000000397,2026,2000030117,STARTER,,,,,,2026-10-04,backend/data/gw3-first-five/sources.md
1000560564,1000000397,2026,2000030118,SUB_UNUSED,,,,,,2026-10-04,backend/data/gw3-first-five/sources.md
1000560564,1000000397,2026,2000030119,SUB_USED,,,,,,2026-10-04,backend/data/gw3-first-five/sources.md
1000560564,1000000397,2026,2000030121,SUB_USED,,,,,,2026-10-04,backend/data/gw3-first-five/sources.md
1000560564,1000000397,2026,2000030167,STARTER,,,,,,2026-10-04,backend/data/gw3-first-five/sources.md
1000560564,1000000397,2026,2000030169,SUB_UNUSED,,,,,,2026-10-04,backend/data/gw3-first-five/sources.md
1000560564,1000000397,2026,2000030170,SUB_UNUSED,,,,,,2026-10-04,backend/data/gw3-first-five/sources.md
1000560564,1000000397,2026,2000030173,SUB_UNUSED,,,,,,2026-10-04,backend/data/gw3-first-five/sources.md
1000560564,1000000397,2026,2000030259,SUB_UNUSED,,,,,,2026-10-04,backend/data/gw3-first-five/sources.md
1000560565,1000000071,2026,2000012001,STARTER,,,,,,2026-10-04,backend/data/gw3-first-five/sources.md
1000560565,1000000071,2026,2000012002,STARTER,,,,,,2026-10-04,backend/data/gw3-first-five/sources.md
1000560565,1000000071,2026,2000020030,STARTER,,,,,,2026-10-04,backend/data/gw3-first-five/sources.md
1000560565,1000000071,2026,2000020031,STARTER,,,,,,2026-10-04,backend/data/gw3-first-five/sources.md
1000560565,1000000071,2026,2000020032,STARTER,,,,,,2026-10-04,backend/data/gw3-first-five/sources.md
1000560565,1000000071,2026,2000020033,SUB_UNUSED,,,,,,2026-10-04,backend/data/gw3-first-five/sources.md
1000560565,1000000071,2026,2000020034,STARTER,,,,,,2026-10-04,backend/data/gw3-first-five/sources.md
1000560565,1000000071,2026,2000020035,SUB_USED,,,,,,2026-10-04,backend/data/gw3-first-five/sources.md
1000560565,1000000071,2026,2000020036,STARTER,,,,,,2026-10-04,backend/data/gw3-first-five/sources.md
1000560565,1000000071,2026,2000020037,STARTER,,,,,,2026-10-04,backend/data/gw3-first-five/sources.md
1000560565,1000000071,2026,2000020038,STARTER,,,,,,2026-10-04,backend/data/gw3-first-five/sources.md
1000560565,1000000071,2026,2000020040,SUB_UNUSED,,,,,,2026-10-04,backend/data/gw3-first-five/sources.md
1000560565,1000000071,2026,2000020041,SUB_USED,,,,,,2026-10-04,backend/data/gw3-first-five/sources.md
1000560565,1000000071,2026,2000020042,SUB_UNUSED,,,,,,2026-10-04,backend/data/gw3-first-five/sources.md
1000560565,1000000071,2026,2000020048,SUB_UNUSED,,,,,,2026-10-04,backend/data/gw3-first-five/sources.md
1000560565,1000000071,2026,2000020049,STARTER,,,,,,2026-10-04,backend/data/gw3-first-five/sources.md
1000560565,1000000071,2026,2000030103,STARTER,,,,,,2026-10-04,backend/data/gw3-first-five/sources.md
1000560565,1000000071,2026,2000030252,SUB_UNUSED,,,,,,2026-10-04,backend/data/gw3-first-five/sources.md
1000560565,1000000071,2026,2000030253,SUB_UNUSED,,,,,,2026-10-04,backend/data/gw3-first-five/sources.md
1000560565,1000000071,2026,2000030254,SUB_USED,,,,,,2026-10-04,backend/data/gw3-first-five/sources.md
1000560565,1000000402,2026,153066,SUB_UNUSED,,,,,,2026-10-04,backend/data/gw3-first-five/sources.md
1000560565,1000000402,2026,2000030001,STARTER,,,,,,2026-10-04,backend/data/gw3-first-five/sources.md
1000560565,1000000402,2026,2000030002,STARTER,,,,,,2026-10-04,backend/data/gw3-first-five/sources.md
1000560565,1000000402,2026,2000030003,STARTER,,,,,,2026-10-04,backend/data/gw3-first-five/sources.md
1000560565,1000000402,2026,2000030004,STARTER,,,,,,2026-10-04,backend/data/gw3-first-five/sources.md
1000560565,1000000402,2026,2000030005,STARTER,,,,,,2026-10-04,backend/data/gw3-first-five/sources.md
1000560565,1000000402,2026,2000030006,STARTER,,,,,,2026-10-04,backend/data/gw3-first-five/sources.md
1000560565,1000000402,2026,2000030007,SUB_USED,,,,,,2026-10-04,backend/data/gw3-first-five/sources.md
1000560565,1000000402,2026,2000030008,SUB_USED,,,,,,2026-10-04,backend/data/gw3-first-five/sources.md
1000560565,1000000402,2026,2000030009,STARTER,,,,,,2026-10-04,backend/data/gw3-first-five/sources.md
1000560565,1000000402,2026,2000030010,SUB_USED,,,,,,2026-10-04,backend/data/gw3-first-five/sources.md
1000560565,1000000402,2026,2000030011,SUB_USED,,,,,,2026-10-04,backend/data/gw3-first-five/sources.md
1000560565,1000000402,2026,2000030012,STARTER,,,,,,2026-10-04,backend/data/gw3-first-five/sources.md
1000560565,1000000402,2026,2000030014,STARTER,,,,,,2026-10-04,backend/data/gw3-first-five/sources.md
1000560565,1000000402,2026,2000030094,STARTER,,,,,,2026-10-04,backend/data/gw3-first-five/sources.md
1000560565,1000000402,2026,2000030095,STARTER,,,,,,2026-10-04,backend/data/gw3-first-five/sources.md
1000560565,1000000402,2026,2000030096,SUB_UNUSED,,,,,,2026-10-04,backend/data/gw3-first-five/sources.md
1000560565,1000000402,2026,2000030097,SUB_UNUSED,,,,,,2026-10-04,backend/data/gw3-first-five/sources.md
1000560565,1000000402,2026,2000030099,SUB_USED,,,,,,2026-10-04,backend/data/gw3-first-five/sources.md
1000560565,1000000402,2026,2000030163,SUB_UNUSED,,,,,,2026-10-04,backend/data/gw3-first-five/sources.md
1000560566,1000000064,2026,2000003001,STARTER,,,,,,2026-10-04,backend/data/gw3-first-five/sources.md
1000560566,1000000064,2026,2000003003,SUB_UNUSED,,,,,,2026-10-04,backend/data/gw3-first-five/sources.md
1000560566,1000000064,2026,2000003004,STARTER,,,,,,2026-10-04,backend/data/gw3-first-five/sources.md
1000560566,1000000064,2026,2000003005,STARTER,,,,,,2026-10-04,backend/data/gw3-first-five/sources.md
1000560566,1000000064,2026,2000003006,STARTER,,,,,,2026-10-04,backend/data/gw3-first-five/sources.md
1000560566,1000000064,2026,2000003007,STARTER,,,,,,2026-10-04,backend/data/gw3-first-five/sources.md
1000560566,1000000064,2026,2000003008,STARTER,,,,,,2026-10-04,backend/data/gw3-first-five/sources.md
1000560566,1000000064,2026,2000003009,STARTER,,,,,,2026-10-04,backend/data/gw3-first-five/sources.md
1000560566,1000000064,2026,2000003010,STARTER,,,,,,2026-10-04,backend/data/gw3-first-five/sources.md
1000560566,1000000064,2026,2000003011,STARTER,,,,,,2026-10-04,backend/data/gw3-first-five/sources.md
1000560566,1000000064,2026,2000003012,SUB_UNUSED,,,,,,2026-10-04,backend/data/gw3-first-five/sources.md
1000560566,1000000064,2026,2000003014,STARTER,,,,,,2026-10-04,backend/data/gw3-first-five/sources.md
1000560566,1000000064,2026,2000003015,SUB_UNUSED,,,,,,2026-10-04,backend/data/gw3-first-five/sources.md
1000560566,1000000064,2026,2000003017,SUB_USED,,,,,,2026-10-04,backend/data/gw3-first-five/sources.md
1000560566,1000000064,2026,2000003018,SUB_UNUSED,,,,,,2026-10-04,backend/data/gw3-first-five/sources.md
1000560566,1000000064,2026,2000003019,STARTER,,,,,,2026-10-04,backend/data/gw3-first-five/sources.md
1000560566,1000000064,2026,2000003020,SUB_USED,,,,,,2026-10-04,backend/data/gw3-first-five/sources.md
1000560566,1000000064,2026,2000003021,SUB_USED,,,,,,2026-10-04,backend/data/gw3-first-five/sources.md
1000560566,1000000064,2026,2000003023,SUB_USED,,,,,,2026-10-04,backend/data/gw3-first-five/sources.md
1000560566,1000000064,2026,2000003024,SUB_UNUSED,,,,,,2026-10-04,backend/data/gw3-first-five/sources.md
1000560566,1000000349,2026,2000011001,STARTER,,,,,,2026-10-04,backend/data/gw3-first-five/sources.md
1000560566,1000000349,2026,2000011002,STARTER,,,,,,2026-10-04,backend/data/gw3-first-five/sources.md
1000560566,1000000349,2026,2000011003,SUB_USED,,,,,,2026-10-04,backend/data/gw3-first-five/sources.md
1000560566,1000000349,2026,2000011004,STARTER,,,,,,2026-10-04,backend/data/gw3-first-five/sources.md
1000560566,1000000349,2026,2000011005,SUB_UNUSED,,,,,,2026-10-04,backend/data/gw3-first-five/sources.md
1000560566,1000000349,2026,2000020019,STARTER,,,,,,2026-10-04,backend/data/gw3-first-five/sources.md
1000560566,1000000349,2026,2000020020,STARTER,,,,,,2026-10-04,backend/data/gw3-first-five/sources.md
1000560566,1000000349,2026,2000020021,STARTER,,,,,,2026-10-04,backend/data/gw3-first-five/sources.md
1000560566,1000000349,2026,2000020022,STARTER,,,,,,2026-10-04,backend/data/gw3-first-five/sources.md
1000560566,1000000349,2026,2000020023,STARTER,,,,,,2026-10-04,backend/data/gw3-first-five/sources.md
1000560566,1000000349,2026,2000020024,STARTER,,,,,,2026-10-04,backend/data/gw3-first-five/sources.md
1000560566,1000000349,2026,2000020025,STARTER,,,,,,2026-10-04,backend/data/gw3-first-five/sources.md
1000560566,1000000349,2026,2000020026,SUB_USED,,,,,,2026-10-04,backend/data/gw3-first-five/sources.md
1000560566,1000000349,2026,2000020028,SUB_USED,,,,,,2026-10-04,backend/data/gw3-first-five/sources.md
1000560566,1000000349,2026,2000020044,SUB_UNUSED,,,,,,2026-10-04,backend/data/gw3-first-five/sources.md
1000560566,1000000349,2026,2000020045,SUB_UNUSED,,,,,,2026-10-04,backend/data/gw3-first-five/sources.md
1000560566,1000000349,2026,2000020046,SUB_UNUSED,,,,,,2026-10-04,backend/data/gw3-first-five/sources.md
1000560566,1000000349,2026,2000030217,SUB_UNUSED,,,,,,2026-10-04,backend/data/gw3-first-five/sources.md
1000560566,1000000349,2026,2000030218,STARTER,,,,,,2026-10-04,backend/data/gw3-first-five/sources.md
1000560566,1000000349,2026,2000030219,SUB_USED,,,,,,2026-10-04,backend/data/gw3-first-five/sources.md
1000560567,1000000062,2026,2000015001,STARTER,,,,,,2026-10-04,backend/data/gw3-last-five/sources.md
1000560567,1000000062,2026,2000015002,STARTER,,,,,,2026-10-04,backend/data/gw3-last-five/sources.md
1000560567,1000000062,2026,2000015004,STARTER,,,,,,2026-10-04,backend/data/gw3-last-five/sources.md
1000560567,1000000062,2026,2000015005,STARTER,,,,,,2026-10-04,backend/data/gw3-last-five/sources.md
1000560567,1000000062,2026,2000020085,STARTER,,,,,,2026-10-04,backend/data/gw3-last-five/sources.md
1000560567,1000000062,2026,2000020086,STARTER,,,,,,2026-10-04,backend/data/gw3-last-five/sources.md
1000560567,1000000062,2026,2000020087,STARTER,,,,,,2026-10-04,backend/data/gw3-last-five/sources.md
1000560567,1000000062,2026,2000020088,SUB_USED,,,,,,2026-10-04,backend/data/gw3-last-five/sources.md
1000560567,1000000062,2026,2000020089,STARTER,,,,,,2026-10-04,backend/data/gw3-last-five/sources.md
1000560567,1000000062,2026,2000020090,STARTER,,,,,,2026-10-04,backend/data/gw3-last-five/sources.md
1000560567,1000000062,2026,2000020091,STARTER,,,,,,2026-10-04,backend/data/gw3-last-five/sources.md
1000560567,1000000062,2026,2000020093,STARTER,,,,,,2026-10-04,backend/data/gw3-last-five/sources.md
1000560567,1000000062,2026,2000020094,SUB_UNUSED,,,,,,2026-10-04,backend/data/gw3-last-five/sources.md
1000560567,1000000062,2026,2000020109,SUB_UNUSED,,,,,,2026-10-04,backend/data/gw3-last-five/sources.md
1000560567,1000000062,2026,2000020111,SUB_UNUSED,,,,,,2026-10-04,backend/data/gw3-last-five/sources.md
1000560567,1000000062,2026,2000020112,SUB_UNUSED,,,,,,2026-10-04,backend/data/gw3-last-five/sources.md
1000560567,1000000062,2026,2000020113,SUB_UNUSED,,,,,,2026-10-04,backend/data/gw3-last-five/sources.md
1000560567,1000000062,2026,2000030029,SUB_USED,,,,,,2026-10-04,backend/data/gw3-last-five/sources.md
1000560567,1000000062,2026,2000030191,SUB_USED,,,,,,2026-10-04,backend/data/gw3-last-five/sources.md
1000560567,1000000062,2026,2000030192,SUB_UNUSED,,,,,,2026-10-04,backend/data/gw3-last-five/sources.md
1000560567,1000000066,2026,2000006001,STARTER,,,,,,2026-10-04,backend/data/gw3-last-five/sources.md
1000560567,1000000066,2026,2000006002,STARTER,,,,,,2026-10-04,backend/data/gw3-last-five/sources.md
1000560567,1000000066,2026,2000006003,SUB_USED,,,,,,2026-10-04,backend/data/gw3-last-five/sources.md
1000560567,1000000066,2026,2000006005,STARTER,,,,,,2026-10-04,backend/data/gw3-last-five/sources.md
1000560567,1000000066,2026,2000006006,STARTER,,,,,,2026-10-04,backend/data/gw3-last-five/sources.md
1000560567,1000000066,2026,2000006007,SUB_UNUSED,,,,,,2026-10-04,backend/data/gw3-last-five/sources.md
1000560567,1000000066,2026,2000006008,STARTER,,,,,,2026-10-04,backend/data/gw3-last-five/sources.md
1000560567,1000000066,2026,2000006009,STARTER,,,,,,2026-10-04,backend/data/gw3-last-five/sources.md
1000560567,1000000066,2026,2000006010,STARTER,,,,,,2026-10-04,backend/data/gw3-last-five/sources.md
1000560567,1000000066,2026,2000006011,SUB_UNUSED,,,,,,2026-10-04,backend/data/gw3-last-five/sources.md
1000560567,1000000066,2026,2000006012,SUB_UNUSED,,,,,,2026-10-04,backend/data/gw3-last-five/sources.md
1000560567,1000000066,2026,2000006013,SUB_USED,,,,,,2026-10-04,backend/data/gw3-last-five/sources.md
1000560567,1000000066,2026,2000006014,SUB_USED,,,,,,2026-10-04,backend/data/gw3-last-five/sources.md
1000560567,1000000066,2026,2000006016,SUB_USED,,,,,,2026-10-04,backend/data/gw3-last-five/sources.md
1000560567,1000000066,2026,2000006017,STARTER,,,,,,2026-10-04,backend/data/gw3-last-five/sources.md
1000560567,1000000066,2026,2000006018,STARTER,,,,,,2026-10-04,backend/data/gw3-last-five/sources.md
1000560567,1000000066,2026,2000006021,STARTER,,,,,,2026-10-04,backend/data/gw3-last-five/sources.md
1000560567,1000000066,2026,2000006023,SUB_UNUSED,,,,,,2026-10-04,backend/data/gw3-last-five/sources.md
1000560567,1000000066,2026,2000006024,SUB_USED,,,,,,2026-10-04,backend/data/gw3-last-five/sources.md
1000560567,1000000066,2026,2000006025,STARTER,,,,,,2026-10-04,backend/data/gw3-last-five/sources.md
1000560568,1000000063,2026,2729,STARTER,,,,,,2026-10-04,backend/data/gw3-last-five/sources.md
1000560568,1000000063,2026,2000030082,STARTER,,,,,,2026-10-04,backend/data/gw3-last-five/sources.md
1000560568,1000000063,2026,2000030083,STARTER,,,,,,2026-10-04,backend/data/gw3-last-five/sources.md
1000560568,1000000063,2026,2000030084,STARTER,,,,,,2026-10-04,backend/data/gw3-last-five/sources.md
1000560568,1000000063,2026,2000030085,SUB_USED,,,,,,2026-10-04,backend/data/gw3-last-five/sources.md
1000560568,1000000063,2026,2000030086,STARTER,,,,,,2026-10-04,backend/data/gw3-last-five/sources.md
1000560568,1000000063,2026,2000030087,STARTER,,,,,,2026-10-04,backend/data/gw3-last-five/sources.md
1000560568,1000000063,2026,2000030088,SUB_USED,,,,,,2026-10-04,backend/data/gw3-last-five/sources.md
1000560568,1000000063,2026,2000030089,SUB_USED,,,,,,2026-10-04,backend/data/gw3-last-five/sources.md
1000560568,1000000063,2026,2000030090,SUB_UNUSED,,,,,,2026-10-04,backend/data/gw3-last-five/sources.md
1000560568,1000000063,2026,2000030091,STARTER,,,,,,2026-10-04,backend/data/gw3-last-five/sources.md
1000560568,1000000063,2026,2000030092,STARTER,,,,,,2026-10-04,backend/data/gw3-last-five/sources.md
1000560568,1000000063,2026,2000030093,STARTER,,,,,,2026-10-04,backend/data/gw3-last-five/sources.md
1000560568,1000000063,2026,2000030136,STARTER,,,,,,2026-10-04,backend/data/gw3-last-five/sources.md
1000560568,1000000063,2026,2000030138,STARTER,,,,,,2026-10-04,backend/data/gw3-last-five/sources.md
1000560568,1000000063,2026,2000030139,SUB_UNUSED,,,,,,2026-10-04,backend/data/gw3-last-five/sources.md
1000560568,1000000063,2026,2000030142,SUB_USED,,,,,,2026-10-04,backend/data/gw3-last-five/sources.md
1000560568,1000000063,2026,2000030195,SUB_USED,,,,,,2026-10-04,backend/data/gw3-last-five/sources.md
1000560568,1000000063,2026,2000030196,SUB_UNUSED,,,,,,2026-10-04,backend/data/gw3-last-five/sources.md
1000560568,1000000063,2026,2000030197,SUB_UNUSED,,,,,,2026-10-04,backend/data/gw3-last-five/sources.md
1000560568,1000000354,2026,3339,SUB_UNUSED,,,,,,2026-10-04,backend/data/gw3-last-five/sources.md
1000560568,1000000354,2026,2000016001,STARTER,,,,,,2026-10-04,backend/data/gw3-last-five/sources.md
1000560568,1000000354,2026,2000016002,STARTER,,,,,,2026-10-04,backend/data/gw3-last-five/sources.md
1000560568,1000000354,2026,2000020096,STARTER,,,,,,2026-10-04,backend/data/gw3-last-five/sources.md
1000560568,1000000354,2026,2000020098,STARTER,,,,,,2026-10-04,backend/data/gw3-last-five/sources.md
1000560568,1000000354,2026,2000020099,STARTER,,,,,,2026-10-04,backend/data/gw3-last-five/sources.md
1000560568,1000000354,2026,2000020100,STARTER,,,,,,2026-10-04,backend/data/gw3-last-five/sources.md
1000560568,1000000354,2026,2000020101,STARTER,,,,,,2026-10-04,backend/data/gw3-last-five/sources.md
1000560568,1000000354,2026,2000020103,STARTER,,,,,,2026-10-04,backend/data/gw3-last-five/sources.md
1000560568,1000000354,2026,2000020105,STARTER,,,,,,2026-10-04,backend/data/gw3-last-five/sources.md
1000560568,1000000354,2026,2000020106,SUB_USED,,,,,,2026-10-04,backend/data/gw3-last-five/sources.md
1000560568,1000000354,2026,2000020108,SUB_UNUSED,,,,,,2026-10-04,backend/data/gw3-last-five/sources.md
1000560568,1000000354,2026,2000020114,SUB_UNUSED,,,,,,2026-10-04,backend/data/gw3-last-five/sources.md
1000560568,1000000354,2026,2000020116,SUB_USED,,,,,,2026-10-04,backend/data/gw3-last-five/sources.md
1000560568,1000000354,2026,2000020117,SUB_USED,,,,,,2026-10-04,backend/data/gw3-last-five/sources.md
1000560568,1000000354,2026,2000030182,STARTER,,,,,,2026-10-04,backend/data/gw3-last-five/sources.md
1000560568,1000000354,2026,2000030185,SUB_UNUSED,,,,,,2026-10-04,backend/data/gw3-last-five/sources.md
1000560568,1000000354,2026,2000030187,SUB_USED,,,,,,2026-10-04,backend/data/gw3-last-five/sources.md
1000560568,1000000354,2026,2000030188,STARTER,,,,,,2026-10-04,backend/data/gw3-last-five/sources.md
1000560568,1000000354,2026,2000030189,SUB_USED,,,,,,2026-10-04,backend/data/gw3-last-five/sources.md
1000560569,1000000058,2026,18846,SUB_USED,,,,,,2026-10-04,backend/data/gw3-last-five/sources.md
1000560569,1000000058,2026,283058,STARTER,,,,,,2026-10-04,backend/data/gw3-last-five/sources.md
1000560569,1000000058,2026,2000030056,STARTER,,,,,,2026-10-04,backend/data/gw3-last-five/sources.md
1000560569,1000000058,2026,2000030058,STARTER,,,,,,2026-10-04,backend/data/gw3-last-five/sources.md
1000560569,1000000058,2026,2000030059,STARTER,,,,,,2026-10-04,backend/data/gw3-last-five/sources.md
1000560569,1000000058,2026,2000030060,SUB_USED,,,,,,2026-10-04,backend/data/gw3-last-five/sources.md
1000560569,1000000058,2026,2000030061,STARTER,,,,,,2026-10-04,backend/data/gw3-last-five/sources.md
1000560569,1000000058,2026,2000030062,SUB_USED,,,,,,2026-10-04,backend/data/gw3-last-five/sources.md
1000560569,1000000058,2026,2000030063,SUB_USED,,,,,,2026-10-04,backend/data/gw3-last-five/sources.md
1000560569,1000000058,2026,2000030064,STARTER,,,,,,2026-10-04,backend/data/gw3-last-five/sources.md
1000560569,1000000058,2026,2000030065,STARTER,,,,,,2026-10-04,backend/data/gw3-last-five/sources.md
1000560569,1000000058,2026,2000030066,SUB_UNUSED,,,,,,2026-10-04,backend/data/gw3-last-five/sources.md
1000560569,1000000058,2026,2000030067,SUB_UNUSED,,,,,,2026-10-04,backend/data/gw3-last-five/sources.md
1000560569,1000000058,2026,2000030068,STARTER,,,,,,2026-10-04,backend/data/gw3-last-five/sources.md
1000560569,1000000058,2026,2000030069,SUB_UNUSED,,,,,,2026-10-04,backend/data/gw3-last-five/sources.md
1000560569,1000000058,2026,2000030122,STARTER,,,,,,2026-10-04,backend/data/gw3-last-five/sources.md
1000560569,1000000058,2026,2000030123,STARTER,,,,,,2026-10-04,backend/data/gw3-last-five/sources.md
1000560569,1000000058,2026,2000030124,STARTER,,,,,,2026-10-04,backend/data/gw3-last-five/sources.md
1000560569,1000000058,2026,2000030147,SUB_USED,,,,,,2026-10-04,backend/data/gw3-last-five/sources.md
1000560569,1000000058,2026,2000030150,SUB_UNUSED,,,,,,2026-10-04,backend/data/gw3-last-five/sources.md
1000560569,1000000322,2026,2000010001,STARTER,,,,,,2026-10-04,backend/data/gw3-last-five/sources.md
1000560569,1000000322,2026,2000010002,STARTER,,,,,,2026-10-04,backend/data/gw3-last-five/sources.md
1000560569,1000000322,2026,2000010003,STARTER,,,,,,2026-10-04,backend/data/gw3-last-five/sources.md
1000560569,1000000322,2026,2000010004,STARTER,,,,,,2026-10-04,backend/data/gw3-last-five/sources.md
1000560569,1000000322,2026,2000010005,STARTER,,,,,,2026-10-04,backend/data/gw3-last-five/sources.md
1000560569,1000000322,2026,2000020004,STARTER,,,,,,2026-10-04,backend/data/gw3-last-five/sources.md
1000560569,1000000322,2026,2000020005,STARTER,,,,,,2026-10-04,backend/data/gw3-last-five/sources.md
1000560569,1000000322,2026,2000020006,STARTER,,,,,,2026-10-04,backend/data/gw3-last-five/sources.md
1000560569,1000000322,2026,2000020008,STARTER,,,,,,2026-10-04,backend/data/gw3-last-five/sources.md
1000560569,1000000322,2026,2000020009,STARTER,,,,,,2026-10-04,backend/data/gw3-last-five/sources.md
1000560569,1000000322,2026,2000020010,SUB_USED,,,,,,2026-10-04,backend/data/gw3-last-five/sources.md
1000560569,1000000322,2026,2000020014,SUB_UNUSED,,,,,,2026-10-04,backend/data/gw3-last-five/sources.md
1000560569,1000000322,2026,2000020015,SUB_UNUSED,,,,,,2026-10-04,backend/data/gw3-last-five/sources.md
1000560569,1000000322,2026,2000020016,STARTER,,,,,,2026-10-04,backend/data/gw3-last-five/sources.md
1000560569,1000000322,2026,2000020018,SUB_USED,,,,,,2026-10-04,backend/data/gw3-last-five/sources.md
1000560569,1000000322,2026,2000030207,SUB_USED,,,,,,2026-10-04,backend/data/gw3-last-five/sources.md
1000560569,1000000322,2026,2000030209,SUB_UNUSED,,,,,,2026-10-04,backend/data/gw3-last-five/sources.md
1000560569,1000000322,2026,2000030210,SUB_USED,,,,,,2026-10-04,backend/data/gw3-last-five/sources.md
1000560569,1000000322,2026,2000030211,SUB_USED,,,,,,2026-10-04,backend/data/gw3-last-five/sources.md
1000560569,1000000322,2026,2000030212,SUB_UNUSED,,,,,,2026-10-04,backend/data/gw3-last-five/sources.md
1000560570,1000000057,2026,2000001001,STARTER,,,,,,2026-10-04,backend/data/gw3-last-five/sources.md
1000560570,1000000057,2026,2000001004,STARTER,,,,,,2026-10-04,backend/data/gw3-last-five/sources.md
1000560570,1000000057,2026,2000001005,SUB_USED,,,,,,2026-10-04,backend/data/gw3-last-five/sources.md
1000560570,1000000057,2026,2000001006,STARTER,,,,,,2026-10-04,backend/data/gw3-last-five/sources.md
1000560570,1000000057,2026,2000001007,STARTER,,,,,,2026-10-04,backend/data/gw3-last-five/sources.md
1000560570,1000000057,2026,2000001008,STARTER,,,,,,2026-10-04,backend/data/gw3-last-five/sources.md
1000560570,1000000057,2026,2000001009,SUB_UNUSED,,,,,,2026-10-04,backend/data/gw3-last-five/sources.md
1000560570,1000000057,2026,2000001011,SUB_UNUSED,,,,,,2026-10-04,backend/data/gw3-last-five/sources.md
1000560570,1000000057,2026,2000001012,SUB_USED,,,,,,2026-10-04,backend/data/gw3-last-five/sources.md
1000560570,1000000057,2026,2000001013,STARTER,,,,,,2026-10-04,backend/data/gw3-last-five/sources.md
1000560570,1000000057,2026,2000001014,STARTER,,,,,,2026-10-04,backend/data/gw3-last-five/sources.md
1000560570,1000000057,2026,2000001015,SUB_USED,,,,,,2026-10-04,backend/data/gw3-last-five/sources.md
1000560570,1000000057,2026,2000001017,SUB_USED,,,,,,2026-10-04,backend/data/gw3-last-five/sources.md
1000560570,1000000057,2026,2000001018,STARTER,,,,,,2026-10-04,backend/data/gw3-last-five/sources.md
1000560570,1000000057,2026,2000001020,STARTER,,,,,,2026-10-04,backend/data/gw3-last-five/sources.md
1000560570,1000000057,2026,2000001021,SUB_USED,,,,,,2026-10-04,backend/data/gw3-last-five/sources.md
1000560570,1000000057,2026,2000001022,SUB_UNUSED,,,,,,2026-10-04,backend/data/gw3-last-five/sources.md
1000560570,1000000057,2026,2000001023,STARTER,,,,,,2026-10-04,backend/data/gw3-last-five/sources.md
1000560570,1000000057,2026,2000001024,STARTER,,,,,,2026-10-04,backend/data/gw3-last-five/sources.md
1000560570,1000000057,2026,2000001025,SUB_UNUSED,,,,,,2026-10-04,backend/data/gw3-last-five/sources.md
1000560570,1000000061,2026,2000005001,STARTER,,,,,,2026-10-04,backend/data/gw3-last-five/sources.md
1000560570,1000000061,2026,2000005003,STARTER,,,,,,2026-10-04,backend/data/gw3-last-five/sources.md
1000560570,1000000061,2026,2000005004,SUB_UNUSED,,,,,,2026-10-04,backend/data/gw3-last-five/sources.md
1000560570,1000000061,2026,2000005005,STARTER,,,,,,2026-10-04,backend/data/gw3-last-five/sources.md
1000560570,1000000061,2026,2000005006,SUB_UNUSED,,,,,,2026-10-04,backend/data/gw3-last-five/sources.md
1000560570,1000000061,2026,2000005007,STARTER,,,,,,2026-10-04,backend/data/gw3-last-five/sources.md
1000560570,1000000061,2026,2000005008,STARTER,,,,,,2026-10-04,backend/data/gw3-last-five/sources.md
1000560570,1000000061,2026,2000005009,STARTER,,,,,,2026-10-04,backend/data/gw3-last-five/sources.md
1000560570,1000000061,2026,2000005010,SUB_UNUSED,,,,,,2026-10-04,backend/data/gw3-last-five/sources.md
1000560570,1000000061,2026,2000005012,STARTER,,,,,,2026-10-04,backend/data/gw3-last-five/sources.md
1000560570,1000000061,2026,2000005013,SUB_USED,,,,,,2026-10-04,backend/data/gw3-last-five/sources.md
1000560570,1000000061,2026,2000005014,STARTER,,,,,,2026-10-04,backend/data/gw3-last-five/sources.md
1000560570,1000000061,2026,2000005016,SUB_UNUSED,,,,,,2026-10-04,backend/data/gw3-last-five/sources.md
1000560570,1000000061,2026,2000005017,STARTER,,,,,,2026-10-04,backend/data/gw3-last-five/sources.md
1000560570,1000000061,2026,2000005019,SUB_USED,,,,,,2026-10-04,backend/data/gw3-last-five/sources.md
1000560570,1000000061,2026,2000005020,SUB_USED,,,,,,2026-10-04,backend/data/gw3-last-five/sources.md
1000560570,1000000061,2026,2000005022,STARTER,,,,,,2026-10-04,backend/data/gw3-last-five/sources.md
1000560570,1000000061,2026,2000005023,SUB_UNUSED,,,,,,2026-10-04,backend/data/gw3-last-five/sources.md
1000560570,1000000061,2026,2000005024,SUB_USED,,,,,,2026-10-04,backend/data/gw3-last-five/sources.md
1000560570,1000000061,2026,2000005025,STARTER,,,,,,2026-10-04,backend/data/gw3-last-five/sources.md
1000560571,1000000067,2026,18911,SUB_UNUSED,,,,,,2026-10-04,backend/data/gw3-last-five/sources.md
1000560571,1000000067,2026,158694,SUB_USED,,,,,,2026-10-04,backend/data/gw3-last-five/sources.md
1000560571,1000000067,2026,2000030070,STARTER,,,,,,2026-10-04,backend/data/gw3-last-five/sources.md
1000560571,1000000067,2026,2000030071,STARTER,,,,,,2026-10-04,backend/data/gw3-last-five/sources.md
1000560571,1000000067,2026,2000030072,STARTER,,,,,,2026-10-04,backend/data/gw3-last-five/sources.md
1000560571,1000000067,2026,2000030074,STARTER,,,,,,2026-10-04,backend/data/gw3-last-five/sources.md
1000560571,1000000067,2026,2000030075,SUB_UNUSED,,,,,,2026-10-04,backend/data/gw3-last-five/sources.md
1000560571,1000000067,2026,2000030076,SUB_USED,,,,,,2026-10-04,backend/data/gw3-last-five/sources.md
1000560571,1000000067,2026,2000030077,SUB_UNUSED,,,,,,2026-10-04,backend/data/gw3-last-five/sources.md
1000560571,1000000067,2026,2000030078,STARTER,,,,,,2026-10-04,backend/data/gw3-last-five/sources.md
1000560571,1000000067,2026,2000030079,SUB_USED,,,,,,2026-10-04,backend/data/gw3-last-five/sources.md
1000560571,1000000067,2026,2000030080,SUB_USED,,,,,,2026-10-04,backend/data/gw3-last-five/sources.md
1000560571,1000000067,2026,2000030081,STARTER,,,,,,2026-10-04,backend/data/gw3-last-five/sources.md
1000560571,1000000067,2026,2000030106,STARTER,,,,,,2026-10-04,backend/data/gw3-last-five/sources.md
1000560571,1000000067,2026,2000030128,STARTER,,,,,,2026-10-04,backend/data/gw3-last-five/sources.md
1000560571,1000000067,2026,2000030129,STARTER,,,,,,2026-10-04,backend/data/gw3-last-five/sources.md
1000560571,1000000067,2026,2000030130,STARTER,,,,,,2026-10-04,backend/data/gw3-last-five/sources.md
1000560571,1000000067,2026,2000030131,STARTER,,,,,,2026-10-04,backend/data/gw3-last-five/sources.md
1000560571,1000000067,2026,2000030134,SUB_UNUSED,,,,,,2026-10-04,backend/data/gw3-last-five/sources.md
1000560571,1000000067,2026,2000030238,SUB_USED,,,,,,2026-10-04,backend/data/gw3-last-five/sources.md
1000560571,1000001044,2026,1125,SUB_USED,,,,,,2026-10-04,backend/data/gw3-last-five/sources.md
1000560571,1000001044,2026,2000030030,STARTER,,,,,,2026-10-04,backend/data/gw3-last-five/sources.md
1000560571,1000001044,2026,2000030031,STARTER,,,,,,2026-10-04,backend/data/gw3-last-five/sources.md
1000560571,1000001044,2026,2000030032,STARTER,,,,,,2026-10-04,backend/data/gw3-last-five/sources.md
1000560571,1000001044,2026,2000030033,STARTER,,,,,,2026-10-04,backend/data/gw3-last-five/sources.md
1000560571,1000001044,2026,2000030034,SUB_USED,,,,,,2026-10-04,backend/data/gw3-last-five/sources.md
1000560571,1000001044,2026,2000030035,STARTER,,,,,,2026-10-04,backend/data/gw3-last-five/sources.md
1000560571,1000001044,2026,2000030036,STARTER,,,,,,2026-10-04,backend/data/gw3-last-five/sources.md
1000560571,1000001044,2026,2000030037,SUB_USED,,,,,,2026-10-04,backend/data/gw3-last-five/sources.md
1000560571,1000001044,2026,2000030039,STARTER,,,,,,2026-10-04,backend/data/gw3-last-five/sources.md
1000560571,1000001044,2026,2000030040,SUB_USED,,,,,,2026-10-04,backend/data/gw3-last-five/sources.md
1000560571,1000001044,2026,2000030108,STARTER,,,,,,2026-10-04,backend/data/gw3-last-five/sources.md
1000560571,1000001044,2026,2000030109,STARTER,,,,,,2026-10-04,backend/data/gw3-last-five/sources.md
1000560571,1000001044,2026,2000030110,STARTER,,,,,,2026-10-04,backend/data/gw3-last-five/sources.md
1000560571,1000001044,2026,2000030111,STARTER,,,,,,2026-10-04,backend/data/gw3-last-five/sources.md
1000560571,1000001044,2026,2000030113,SUB_UNUSED,,,,,,2026-10-04,backend/data/gw3-last-five/sources.md
1000560571,1000001044,2026,2000030114,SUB_UNUSED,,,,,,2026-10-04,backend/data/gw3-last-five/sources.md
1000560571,1000001044,2026,2000030115,SUB_USED,,,,,,2026-10-04,backend/data/gw3-last-five/sources.md
1000560571,1000001044,2026,2000030154,SUB_UNUSED,,,,,,2026-10-04,backend/data/gw3-last-five/sources.md
1000560571,1000001044,2026,2000030157,SUB_UNUSED,,,,,,2026-10-04,backend/data/gw3-last-five/sources.md
1000560572,1000000349,2026,138931,SUB_USED,,,,,,2026-10-04,backend/data/gw4-remaining-nine/sources.md
1000560572,1000000349,2026,2000011001,STARTER,,,,,,2026-10-04,backend/data/gw4-remaining-nine/sources.md
1000560572,1000000349,2026,2000011002,STARTER,,,,,,2026-10-04,backend/data/gw4-remaining-nine/sources.md
1000560572,1000000349,2026,2000011003,STARTER,,,,,,2026-10-04,backend/data/gw4-remaining-nine/sources.md
1000560572,1000000349,2026,2000011004,STARTER,,,,,,2026-10-04,backend/data/gw4-remaining-nine/sources.md
1000560572,1000000349,2026,2000011005,SUB_UNUSED,,,,,,2026-10-04,backend/data/gw4-remaining-nine/sources.md
1000560572,1000000349,2026,2000020019,STARTER,,,,,,2026-10-04,backend/data/gw4-remaining-nine/sources.md
1000560572,1000000349,2026,2000020020,STARTER,,,,,,2026-10-04,backend/data/gw4-remaining-nine/sources.md
1000560572,1000000349,2026,2000020021,STARTER,,,,,,2026-10-04,backend/data/gw4-remaining-nine/sources.md
1000560572,1000000349,2026,2000020022,STARTER,,,,,,2026-10-04,backend/data/gw4-remaining-nine/sources.md
1000560572,1000000349,2026,2000020023,STARTER,,,,,,2026-10-04,backend/data/gw4-remaining-nine/sources.md
1000560572,1000000349,2026,2000020024,SUB_USED,,,,,,2026-10-04,backend/data/gw4-remaining-nine/sources.md
1000560572,1000000349,2026,2000020025,STARTER,,,,,,2026-10-04,backend/data/gw4-remaining-nine/sources.md
1000560572,1000000349,2026,2000020027,SUB_UNUSED,,,,,,2026-10-04,backend/data/gw4-remaining-nine/sources.md
1000560572,1000000349,2026,2000020028,SUB_USED,,,,,,2026-10-04,backend/data/gw4-remaining-nine/sources.md
1000560572,1000000349,2026,2000020044,SUB_UNUSED,,,,,,2026-10-04,backend/data/gw4-remaining-nine/sources.md
1000560572,1000000349,2026,2000020046,SUB_UNUSED,,,,,,2026-10-04,backend/data/gw4-remaining-nine/sources.md
1000560572,1000000349,2026,2000030217,SUB_USED,,,,,,2026-10-04,backend/data/gw4-remaining-nine/sources.md
1000560572,1000000349,2026,2000030218,STARTER,,,,,,2026-10-04,backend/data/gw4-remaining-nine/sources.md
1000560572,1000000349,2026,2000030219,SUB_USED,,,,,,2026-10-04,backend/data/gw4-remaining-nine/sources.md
1000560572,1000000354,2026,2490,SUB_USED,,,,,,2026-10-04,backend/data/gw4-remaining-nine/sources.md
1000560572,1000000354,2026,3339,SUB_UNUSED,,,,,,2026-10-04,backend/data/gw4-remaining-nine/sources.md
1000560572,1000000354,2026,2000016001,STARTER,,,,,,2026-10-04,backend/data/gw4-remaining-nine/sources.md
1000560572,1000000354,2026,2000016002,STARTER,,,,,,2026-10-04,backend/data/gw4-remaining-nine/sources.md
1000560572,1000000354,2026,2000020097,SUB_UNUSED,,,,,,2026-10-04,backend/data/gw4-remaining-nine/sources.md
1000560572,1000000354,2026,2000020098,STARTER,,,,,,2026-10-04,backend/data/gw4-remaining-nine/sources.md
1000560572,1000000354,2026,2000020099,STARTER,,,,,,2026-10-04,backend/data/gw4-remaining-nine/sources.md
1000560572,1000000354,2026,2000020103,STARTER,,,,,,2026-10-04,backend/data/gw4-remaining-nine/sources.md
1000560572,1000000354,2026,2000020105,STARTER,,,,,,2026-10-04,backend/data/gw4-remaining-nine/sources.md
1000560572,1000000354,2026,2000020106,STARTER,,,,,,2026-10-04,backend/data/gw4-remaining-nine/sources.md
1000560572,1000000354,2026,2000020108,SUB_USED,,,,,,2026-10-04,backend/data/gw4-remaining-nine/sources.md
1000560572,1000000354,2026,2000020114,STARTER,,,,,,2026-10-04,backend/data/gw4-remaining-nine/sources.md
1000560572,1000000354,2026,2000020116,SUB_UNUSED,,,,,,2026-10-04,backend/data/gw4-remaining-nine/sources.md
1000560572,1000000354,2026,2000020117,SUB_USED,,,,,,2026-10-04,backend/data/gw4-remaining-nine/sources.md
1000560572,1000000354,2026,2000030182,STARTER,,,,,,2026-10-04,backend/data/gw4-remaining-nine/sources.md
1000560572,1000000354,2026,2000030184,SUB_UNUSED,,,,,,2026-10-04,backend/data/gw4-remaining-nine/sources.md
1000560572,1000000354,2026,2000030185,SUB_USED,,,,,,2026-10-04,backend/data/gw4-remaining-nine/sources.md
1000560572,1000000354,2026,2000030186,STARTER,,,,,,2026-10-04,backend/data/gw4-remaining-nine/sources.md
1000560572,1000000354,2026,2000030187,SUB_USED,,,,,,2026-10-04,backend/data/gw4-remaining-nine/sources.md
1000560572,1000000354,2026,2000030188,STARTER,,,,,,2026-10-04,backend/data/gw4-remaining-nine/sources.md
1000560573,1000000063,2026,2729,SUB_UNUSED,,,,,,2026-10-04,backend/data/gw4-remaining-nine/sources.md
1000560573,1000000063,2026,2000030082,STARTER,,,,,,2026-10-04,backend/data/gw4-remaining-nine/sources.md
1000560573,1000000063,2026,2000030083,STARTER,,,,,,2026-10-04,backend/data/gw4-remaining-nine/sources.md
1000560573,1000000063,2026,2000030084,STARTER,,,,,,2026-10-04,backend/data/gw4-remaining-nine/sources.md
1000560573,1000000063,2026,2000030085,SUB_USED,,,,,,2026-10-04,backend/data/gw4-remaining-nine/sources.md
1000560573,1000000063,2026,2000030086,STARTER,,,,,,2026-10-04,backend/data/gw4-remaining-nine/sources.md
1000560573,1000000063,2026,2000030087,STARTER,,,,,,2026-10-04,backend/data/gw4-remaining-nine/sources.md
1000560573,1000000063,2026,2000030089,STARTER,,,,,,2026-10-04,backend/data/gw4-remaining-nine/sources.md
1000560573,1000000063,2026,2000030090,SUB_USED,,,,,,2026-10-04,backend/data/gw4-remaining-nine/sources.md
1000560573,1000000063,2026,2000030091,SUB_UNUSED,,,,,,2026-10-04,backend/data/gw4-remaining-nine/sources.md
1000560573,1000000063,2026,2000030092,STARTER,,,,,,2026-10-04,backend/data/gw4-remaining-nine/sources.md
1000560573,1000000063,2026,2000030093,STARTER,,,,,,2026-10-04,backend/data/gw4-remaining-nine/sources.md
1000560573,1000000063,2026,2000030136,STARTER,,,,,,2026-10-04,backend/data/gw4-remaining-nine/sources.md
1000560573,1000000063,2026,2000030138,STARTER,,,,,,2026-10-04,backend/data/gw4-remaining-nine/sources.md
1000560573,1000000063,2026,2000030139,SUB_UNUSED,,,,,,2026-10-04,backend/data/gw4-remaining-nine/sources.md
1000560573,1000000063,2026,2000030140,SUB_USED,,,,,,2026-10-04,backend/data/gw4-remaining-nine/sources.md
1000560573,1000000063,2026,2000030142,SUB_USED,,,,,,2026-10-04,backend/data/gw4-remaining-nine/sources.md
1000560573,1000000063,2026,2000030195,SUB_USED,,,,,,2026-10-04,backend/data/gw4-remaining-nine/sources.md
1000560573,1000000063,2026,2000030196,SUB_UNUSED,,,,,,2026-10-04,backend/data/gw4-remaining-nine/sources.md
1000560573,1000000063,2026,2000030197,STARTER,,,,,,2026-10-04,backend/data/gw4-remaining-nine/sources.md
1000560573,1000000064,2026,2000003001,STARTER,,,,,,2026-10-04,backend/data/gw4-remaining-nine/sources.md
1000560573,1000000064,2026,2000003003,SUB_UNUSED,,,,,,2026-10-04,backend/data/gw4-remaining-nine/sources.md
1000560573,1000000064,2026,2000003004,STARTER,,,,,,2026-10-04,backend/data/gw4-remaining-nine/sources.md
1000560573,1000000064,2026,2000003005,STARTER,,,,,,2026-10-04,backend/data/gw4-remaining-nine/sources.md
1000560573,1000000064,2026,2000003006,SUB_USED,,,,,,2026-10-04,backend/data/gw4-remaining-nine/sources.md
1000560573,1000000064,2026,2000003007,STARTER,,,,,,2026-10-04,backend/data/gw4-remaining-nine/sources.md
1000560573,1000000064,2026,2000003008,STARTER,,,,,,2026-10-04,backend/data/gw4-remaining-nine/sources.md
1000560573,1000000064,2026,2000003009,STARTER,,,,,,2026-10-04,backend/data/gw4-remaining-nine/sources.md
1000560573,1000000064,2026,2000003010,SUB_USED,,,,,,2026-10-04,backend/data/gw4-remaining-nine/sources.md
1000560573,1000000064,2026,2000003011,SUB_USED,,,,,,2026-10-04,backend/data/gw4-remaining-nine/sources.md
1000560573,1000000064,2026,2000003012,STARTER,,,,,,2026-10-04,backend/data/gw4-remaining-nine/sources.md
1000560573,1000000064,2026,2000003014,STARTER,,,,,,2026-10-04,backend/data/gw4-remaining-nine/sources.md
1000560573,1000000064,2026,2000003015,SUB_UNUSED,,,,,,2026-10-04,backend/data/gw4-remaining-nine/sources.md
1000560573,1000000064,2026,2000003017,STARTER,,,,,,2026-10-04,backend/data/gw4-remaining-nine/sources.md
1000560573,1000000064,2026,2000003018,SUB_USED,,,,,,2026-10-04,backend/data/gw4-remaining-nine/sources.md
1000560573,1000000064,2026,2000003019,STARTER,,,,,,2026-10-04,backend/data/gw4-remaining-nine/sources.md
1000560573,1000000064,2026,2000003020,STARTER,,,,,,2026-10-04,backend/data/gw4-remaining-nine/sources.md
1000560573,1000000064,2026,2000003021,SUB_UNUSED,,,,,,2026-10-04,backend/data/gw4-remaining-nine/sources.md
1000560573,1000000064,2026,2000003023,SUB_UNUSED,,,,,,2026-10-04,backend/data/gw4-remaining-nine/sources.md
1000560573,1000000064,2026,2000003024,SUB_USED,,,,,,2026-10-04,backend/data/gw4-remaining-nine/sources.md
1000560574,1000000058,2026,18846,STARTER,,,,,,2026-10-04,backend/data/gw4-remaining-nine/sources.md
1000560574,1000000058,2026,283058,STARTER,,,,,,2026-10-04,backend/data/gw4-remaining-nine/sources.md
1000560574,1000000058,2026,2000030056,STARTER,,,,,,2026-10-04,backend/data/gw4-remaining-nine/sources.md
1000560574,1000000058,2026,2000030059,STARTER,,,,,,2026-10-04,backend/data/gw4-remaining-nine/sources.md
1000560574,1000000058,2026,2000030060,SUB_UNUSED,,,,,,2026-10-04,backend/data/gw4-remaining-nine/sources.md
1000560574,1000000058,2026,2000030061,STARTER,,,,,,2026-10-04,backend/data/gw4-remaining-nine/sources.md
1000560574,1000000058,2026,2000030062,SUB_USED,,,,,,2026-10-04,backend/data/gw4-remaining-nine/sources.md
1000560574,1000000058,2026,2000030063,SUB_UNUSED,,,,,,2026-10-04,backend/data/gw4-remaining-nine/sources.md
1000560574,1000000058,2026,2000030064,STARTER,,,,,,2026-10-04,backend/data/gw4-remaining-nine/sources.md
1000560574,1000000058,2026,2000030065,SUB_USED,,,,,,2026-10-04,backend/data/gw4-remaining-nine/sources.md
1000560574,1000000058,2026,2000030066,STARTER,,,,,,2026-10-04,backend/data/gw4-remaining-nine/sources.md
1000560574,1000000058,2026,2000030067,SUB_UNUSED,,,,,,2026-10-04,backend/data/gw4-remaining-nine/sources.md
1000560574,1000000058,2026,2000030068,STARTER,,,,,,2026-10-04,backend/data/gw4-remaining-nine/sources.md
1000560574,1000000058,2026,2000030069,SUB_UNUSED,,,,,,2026-10-04,backend/data/gw4-remaining-nine/sources.md
1000560574,1000000058,2026,2000030122,STARTER,,,,,,2026-10-04,backend/data/gw4-remaining-nine/sources.md
1000560574,1000000058,2026,2000030123,STARTER,,,,,,2026-10-04,backend/data/gw4-remaining-nine/sources.md
1000560574,1000000058,2026,2000030124,STARTER,,,,,,2026-10-04,backend/data/gw4-remaining-nine/sources.md
1000560574,1000000058,2026,2000030146,SUB_USED,,,,,,2026-10-04,backend/data/gw4-remaining-nine/sources.md
1000560574,1000000058,2026,2000030147,SUB_USED,,,,,,2026-10-04,backend/data/gw4-remaining-nine/sources.md
1000560574,1000000058,2026,2000030150,SUB_USED,,,,,,2026-10-04,backend/data/gw4-remaining-nine/sources.md
1000560574,1000000351,2026,19305,SUB_UNUSED,,,,,,2026-10-04,backend/data/gw4-remaining-nine/sources.md
1000560574,1000000351,2026,161948,STARTER,,,,,,2026-10-04,backend/data/gw4-remaining-nine/sources.md
1000560574,1000000351,2026,2000013001,STARTER,,,,,,2026-10-04,backend/data/gw4-remaining-nine/sources.md
1000560574,1000000351,2026,2000013002,STARTER,,,,,,2026-10-04,backend/data/gw4-remaining-nine/sources.md
1000560574,1000000351,2026,2000020052,STARTER,,,,,,2026-10-04,backend/data/gw4-remaining-nine/sources.md
1000560574,1000000351,2026,2000020053,STARTER,,,,,,2026-10-04,backend/data/gw4-remaining-nine/sources.md
1000560574,1000000351,2026,2000020054,SUB_USED,,,,,,2026-10-04,backend/data/gw4-remaining-nine/sources.md
1000560574,1000000351,2026,2000020055,STARTER,,,,,,2026-10-04,backend/data/gw4-remaining-nine/sources.md
1000560574,1000000351,2026,2000020056,SUB_USED,,,,,,2026-10-04,backend/data/gw4-remaining-nine/sources.md
1000560574,1000000351,2026,2000020058,STARTER,,,,,,2026-10-04,backend/data/gw4-remaining-nine/sources.md
1000560574,1000000351,2026,2000020060,STARTER,,,,,,2026-10-04,backend/data/gw4-remaining-nine/sources.md
1000560574,1000000351,2026,2000020061,SUB_USED,,,,,,2026-10-04,backend/data/gw4-remaining-nine/sources.md
1000560574,1000000351,2026,2000020062,SUB_UNUSED,,,,,,2026-10-04,backend/data/gw4-remaining-nine/sources.md
1000560574,1000000351,2026,2000020063,STARTER,,,,,,2026-10-04,backend/data/gw4-remaining-nine/sources.md
1000560574,1000000351,2026,2000020064,SUB_UNUSED,,,,,,2026-10-04,backend/data/gw4-remaining-nine/sources.md
1000560574,1000000351,2026,2000020073,SUB_UNUSED,,,,,,2026-10-04,backend/data/gw4-remaining-nine/sources.md
1000560574,1000000351,2026,2000020074,STARTER,,,,,,2026-10-04,backend/data/gw4-remaining-nine/sources.md
1000560574,1000000351,2026,2000020076,SUB_UNUSED,,,,,,2026-10-04,backend/data/gw4-remaining-nine/sources.md
1000560574,1000000351,2026,2000020077,SUB_UNUSED,,,,,,2026-10-04,backend/data/gw4-remaining-nine/sources.md
1000560574,1000000351,2026,2000020095,STARTER,,,,,,2026-10-04,backend/data/gw4-remaining-nine/sources.md
1000560575,1000000062,2026,2000015001,STARTER,,,,,,2026-10-04,backend/data/gw4-remaining-nine/sources.md
1000560575,1000000062,2026,2000015002,STARTER,,,,,,2026-10-04,backend/data/gw4-remaining-nine/sources.md
1000560575,1000000062,2026,2000015004,STARTER,,,,,,2026-10-04,backend/data/gw4-remaining-nine/sources.md
1000560575,1000000062,2026,2000015005,STARTER,,,,,,2026-10-04,backend/data/gw4-remaining-nine/sources.md
1000560575,1000000062,2026,2000020085,STARTER,,,,,,2026-10-04,backend/data/gw4-remaining-nine/sources.md
1000560575,1000000062,2026,2000020086,STARTER,,,,,,2026-10-04,backend/data/gw4-remaining-nine/sources.md
1000560575,1000000062,2026,2000020087,STARTER,,,,,,2026-10-04,backend/data/gw4-remaining-nine/sources.md
1000560575,1000000062,2026,2000020088,SUB_USED,,,,,,2026-10-04,backend/data/gw4-remaining-nine/sources.md
1000560575,1000000062,2026,2000020089,STARTER,,,,,,2026-10-04,backend/data/gw4-remaining-nine/sources.md
1000560575,1000000062,2026,2000020091,STARTER,,,,,,2026-10-04,backend/data/gw4-remaining-nine/sources.md
1000560575,1000000062,2026,2000020093,STARTER,,,,,,2026-10-04,backend/data/gw4-remaining-nine/sources.md
1000560575,1000000062,2026,2000020094,SUB_UNUSED,,,,,,2026-10-04,backend/data/gw4-remaining-nine/sources.md
1000560575,1000000062,2026,2000020109,SUB_UNUSED,,,,,,2026-10-04,backend/data/gw4-remaining-nine/sources.md
1000560575,1000000062,2026,2000020111,SUB_UNUSED,,,,,,2026-10-04,backend/data/gw4-remaining-nine/sources.md
1000560575,1000000062,2026,2000020112,SUB_USED,,,,,,2026-10-04,backend/data/gw4-remaining-nine/sources.md
1000560575,1000000062,2026,2000020113,SUB_UNUSED,,,,,,2026-10-04,backend/data/gw4-remaining-nine/sources.md
1000560575,1000000062,2026,2000030029,SUB_USED,,,,,,2026-10-04,backend/data/gw4-remaining-nine/sources.md
1000560575,1000000062,2026,2000030190,SUB_UNUSED,,,,,,2026-10-04,backend/data/gw4-remaining-nine/sources.md
1000560575,1000000062,2026,2000030191,STARTER,,,,,,2026-10-04,backend/data/gw4-remaining-nine/sources.md
1000560575,1000000062,2026,2000030192,SUB_UNUSED,,,,,,2026-10-04,backend/data/gw4-remaining-nine/sources.md
1000560575,1000000073,2026,15911,SUB_USED,,,,,,2026-10-04,backend/data/gw4-remaining-nine/sources.md
1000560575,1000000073,2026,19145,SUB_USED,,,,,,2026-10-04,backend/data/gw4-remaining-nine/sources.md
1000560575,1000000073,2026,152849,STARTER,,,,,,2026-10-04,backend/data/gw4-remaining-nine/sources.md
1000560575,1000000073,2026,2000030015,STARTER,,,,,,2026-10-04,backend/data/gw4-remaining-nine/sources.md
1000560575,1000000073,2026,2000030017,STARTER,,,,,,2026-10-04,backend/data/gw4-remaining-nine/sources.md
1000560575,1000000073,2026,2000030018,STARTER,,,,,,2026-10-04,backend/data/gw4-remaining-nine/sources.md
1000560575,1000000073,2026,2000030020,SUB_USED,,,,,,2026-10-04,backend/data/gw4-remaining-nine/sources.md
1000560575,1000000073,2026,2000030022,SUB_USED,,,,,,2026-10-04,backend/data/gw4-remaining-nine/sources.md
1000560575,1000000073,2026,2000030023,STARTER,,,,,,2026-10-04,backend/data/gw4-remaining-nine/sources.md
1000560575,1000000073,2026,2000030024,STARTER,,,,,,2026-10-04,backend/data/gw4-remaining-nine/sources.md
1000560575,1000000073,2026,2000030025,SUB_UNUSED,,,,,,2026-10-04,backend/data/gw4-remaining-nine/sources.md
1000560575,1000000073,2026,2000030026,SUB_UNUSED,,,,,,2026-10-04,backend/data/gw4-remaining-nine/sources.md
1000560575,1000000073,2026,2000030027,STARTER,,,,,,2026-10-04,backend/data/gw4-remaining-nine/sources.md
1000560575,1000000073,2026,2000030028,STARTER,,,,,,2026-10-04,backend/data/gw4-remaining-nine/sources.md
1000560575,1000000073,2026,2000030100,STARTER,,,,,,2026-10-04,backend/data/gw4-remaining-nine/sources.md
1000560575,1000000073,2026,2000030101,SUB_USED,,,,,,2026-10-04,backend/data/gw4-remaining-nine/sources.md
1000560575,1000000073,2026,2000030102,SUB_UNUSED,,,,,,2026-10-04,backend/data/gw4-remaining-nine/sources.md
1000560575,1000000073,2026,2000030104,SUB_UNUSED,,,,,,2026-10-04,backend/data/gw4-remaining-nine/sources.md
1000560575,1000000073,2026,2000030107,STARTER,,,,,,2026-10-04,backend/data/gw4-remaining-nine/sources.md
1000560575,1000000073,2026,2000030246,STARTER,,,,,,2026-10-04,backend/data/gw4-remaining-nine/sources.md
1000560576,1000000402,2026,153066,SUB_UNUSED,,,,,,2026-10-04,backend/data/gw4-remaining-nine/sources.md
1000560576,1000000402,2026,2000030001,STARTER,,,,,,2026-10-04,backend/data/gw4-remaining-nine/sources.md
1000560576,1000000402,2026,2000030002,STARTER,,,,,,2026-10-04,backend/data/gw4-remaining-nine/sources.md
1000560576,1000000402,2026,2000030003,STARTER,,,,,,2026-10-04,backend/data/gw4-remaining-nine/sources.md
1000560576,1000000402,2026,2000030004,SUB_USED,,,,,,2026-10-04,backend/data/gw4-remaining-nine/sources.md
1000560576,1000000402,2026,2000030005,STARTER,,,,,,2026-10-04,backend/data/gw4-remaining-nine/sources.md
1000560576,1000000402,2026,2000030006,STARTER,,,,,,2026-10-04,backend/data/gw4-remaining-nine/sources.md
1000560576,1000000402,2026,2000030007,SUB_UNUSED,,,,,,2026-10-04,backend/data/gw4-remaining-nine/sources.md
1000560576,1000000402,2026,2000030008,STARTER,,,,,,2026-10-04,backend/data/gw4-remaining-nine/sources.md
1000560576,1000000402,2026,2000030009,SUB_USED,,,,,,2026-10-04,backend/data/gw4-remaining-nine/sources.md
1000560576,1000000402,2026,2000030010,STARTER,,,,,,2026-10-04,backend/data/gw4-remaining-nine/sources.md
1000560576,1000000402,2026,2000030011,STARTER,,,,,,2026-10-04,backend/data/gw4-remaining-nine/sources.md
1000560576,1000000402,2026,2000030012,SUB_USED,,,,,,2026-10-04,backend/data/gw4-remaining-nine/sources.md
1000560576,1000000402,2026,2000030094,STARTER,,,,,,2026-10-04,backend/data/gw4-remaining-nine/sources.md
1000560576,1000000402,2026,2000030095,STARTER,,,,,,2026-10-04,backend/data/gw4-remaining-nine/sources.md
1000560576,1000000402,2026,2000030096,SUB_UNUSED,,,,,,2026-10-04,backend/data/gw4-remaining-nine/sources.md
1000560576,1000000402,2026,2000030097,SUB_UNUSED,,,,,,2026-10-04,backend/data/gw4-remaining-nine/sources.md
1000560576,1000000402,2026,2000030099,STARTER,,,,,,2026-10-04,backend/data/gw4-remaining-nine/sources.md
1000560576,1000000402,2026,2000030163,SUB_USED,,,,,,2026-10-04,backend/data/gw4-remaining-nine/sources.md
1000560576,1000000402,2026,2000030164,SUB_UNUSED,,,,,,2026-10-04,backend/data/gw4-remaining-nine/sources.md
1000560576,1000001044,2026,1125,SUB_USED,,,,,,2026-10-04,backend/data/gw4-remaining-nine/sources.md
1000560576,1000001044,2026,2000030030,STARTER,,,,,,2026-10-04,backend/data/gw4-remaining-nine/sources.md
1000560576,1000001044,2026,2000030031,STARTER,,,,,,2026-10-04,backend/data/gw4-remaining-nine/sources.md
1000560576,1000001044,2026,2000030032,STARTER,,,,,,2026-10-04,backend/data/gw4-remaining-nine/sources.md
1000560576,1000001044,2026,2000030033,STARTER,,,,,,2026-10-04,backend/data/gw4-remaining-nine/sources.md
1000560576,1000001044,2026,2000030034,SUB_USED,,,,,,2026-10-04,backend/data/gw4-remaining-nine/sources.md
1000560576,1000001044,2026,2000030035,STARTER,,,,,,2026-10-04,backend/data/gw4-remaining-nine/sources.md
1000560576,1000001044,2026,2000030036,STARTER,,,,,,2026-10-04,backend/data/gw4-remaining-nine/sources.md
1000560576,1000001044,2026,2000030037,SUB_USED,,,,,,2026-10-04,backend/data/gw4-remaining-nine/sources.md
1000560576,1000001044,2026,2000030038,SUB_UNUSED,,,,,,2026-10-04,backend/data/gw4-remaining-nine/sources.md
1000560576,1000001044,2026,2000030039,STARTER,,,,,,2026-10-04,backend/data/gw4-remaining-nine/sources.md
1000560576,1000001044,2026,2000030108,STARTER,,,,,,2026-10-04,backend/data/gw4-remaining-nine/sources.md
1000560576,1000001044,2026,2000030109,STARTER,,,,,,2026-10-04,backend/data/gw4-remaining-nine/sources.md
1000560576,1000001044,2026,2000030110,STARTER,,,,,,2026-10-04,backend/data/gw4-remaining-nine/sources.md
1000560576,1000001044,2026,2000030111,STARTER,,,,,,2026-10-04,backend/data/gw4-remaining-nine/sources.md
1000560576,1000001044,2026,2000030113,SUB_UNUSED,,,,,,2026-10-04,backend/data/gw4-remaining-nine/sources.md
1000560576,1000001044,2026,2000030115,SUB_USED,,,,,,2026-10-04,backend/data/gw4-remaining-nine/sources.md
1000560576,1000001044,2026,2000030116,SUB_USED,,,,,,2026-10-04,backend/data/gw4-remaining-nine/sources.md
1000560576,1000001044,2026,2000030154,SUB_UNUSED,,,,,,2026-10-04,backend/data/gw4-remaining-nine/sources.md
1000560576,1000001044,2026,2000030157,SUB_UNUSED,,,,,,2026-10-04,backend/data/gw4-remaining-nine/sources.md
1000560577,1000000057,2026,2000001001,STARTER,,,,,,2026-10-04,backend/data/gw4-remaining-nine/sources.md
1000560577,1000000057,2026,2000001004,STARTER,,,,,,2026-10-04,backend/data/gw4-remaining-nine/sources.md
1000560577,1000000057,2026,2000001005,SUB_UNUSED,,,,,,2026-10-04,backend/data/gw4-remaining-nine/sources.md
1000560577,1000000057,2026,2000001006,STARTER,,,,,,2026-10-04,backend/data/gw4-remaining-nine/sources.md
1000560577,1000000057,2026,2000001007,STARTER,,,,,,2026-10-04,backend/data/gw4-remaining-nine/sources.md
1000560577,1000000057,2026,2000001008,STARTER,,,,,,2026-10-04,backend/data/gw4-remaining-nine/sources.md
1000560577,1000000057,2026,2000001009,SUB_USED,,,,,,2026-10-04,backend/data/gw4-remaining-nine/sources.md
1000560577,1000000057,2026,2000001010,SUB_USED,,,,,,2026-10-04,backend/data/gw4-remaining-nine/sources.md
1000560577,1000000057,2026,2000001011,SUB_UNUSED,,,,,,2026-10-04,backend/data/gw4-remaining-nine/sources.md
1000560577,1000000057,2026,2000001012,SUB_UNUSED,,,,,,2026-10-04,backend/data/gw4-remaining-nine/sources.md
1000560577,1000000057,2026,2000001013,STARTER,,,,,,2026-10-04,backend/data/gw4-remaining-nine/sources.md
1000560577,1000000057,2026,2000001014,STARTER,,,,,,2026-10-04,backend/data/gw4-remaining-nine/sources.md
1000560577,1000000057,2026,2000001015,SUB_UNUSED,,,,,,2026-10-04,backend/data/gw4-remaining-nine/sources.md
1000560577,1000000057,2026,2000001017,SUB_USED,,,,,,2026-10-04,backend/data/gw4-remaining-nine/sources.md
1000560577,1000000057,2026,2000001018,STARTER,,,,,,2026-10-04,backend/data/gw4-remaining-nine/sources.md
1000560577,1000000057,2026,2000001020,STARTER,,,,,,2026-10-04,backend/data/gw4-remaining-nine/sources.md
1000560577,1000000057,2026,2000001021,SUB_USED,,,,,,2026-10-04,backend/data/gw4-remaining-nine/sources.md
1000560577,1000000057,2026,2000001022,SUB_USED,,,,,,2026-10-04,backend/data/gw4-remaining-nine/sources.md
1000560577,1000000057,2026,2000001023,STARTER,,,,,,2026-10-04,backend/data/gw4-remaining-nine/sources.md
1000560577,1000000057,2026,2000001024,STARTER,,,,,,2026-10-04,backend/data/gw4-remaining-nine/sources.md
1000560577,1000000071,2026,2000012001,STARTER,,,,,,2026-10-04,backend/data/gw4-remaining-nine/sources.md
1000560577,1000000071,2026,2000012002,STARTER,,,,,,2026-10-04,backend/data/gw4-remaining-nine/sources.md
1000560577,1000000071,2026,2000020030,STARTER,,,,,,2026-10-04,backend/data/gw4-remaining-nine/sources.md
1000560577,1000000071,2026,2000020031,STARTER,,,,,,2026-10-04,backend/data/gw4-remaining-nine/sources.md
1000560577,1000000071,2026,2000020032,STARTER,,,,,,2026-10-04,backend/data/gw4-remaining-nine/sources.md
1000560577,1000000071,2026,2000020033,SUB_UNUSED,,,,,,2026-10-04,backend/data/gw4-remaining-nine/sources.md
1000560577,1000000071,2026,2000020034,STARTER,,,,,,2026-10-04,backend/data/gw4-remaining-nine/sources.md
1000560577,1000000071,2026,2000020035,SUB_UNUSED,,,,,,2026-10-04,backend/data/gw4-remaining-nine/sources.md
1000560577,1000000071,2026,2000020036,STARTER,,,,,,2026-10-04,backend/data/gw4-remaining-nine/sources.md
1000560577,1000000071,2026,2000020037,STARTER,,,,,,2026-10-04,backend/data/gw4-remaining-nine/sources.md
1000560577,1000000071,2026,2000020038,STARTER,,,,,,2026-10-04,backend/data/gw4-remaining-nine/sources.md
1000560577,1000000071,2026,2000020039,SUB_UNUSED,,,,,,2026-10-04,backend/data/gw4-remaining-nine/sources.md
1000560577,1000000071,2026,2000020040,SUB_UNUSED,,,,,,2026-10-04,backend/data/gw4-remaining-nine/sources.md
1000560577,1000000071,2026,2000020041,SUB_USED,,,,,,2026-10-04,backend/data/gw4-remaining-nine/sources.md
1000560577,1000000071,2026,2000020042,SUB_UNUSED,,,,,,2026-10-04,backend/data/gw4-remaining-nine/sources.md
1000560577,1000000071,2026,2000020048,SUB_UNUSED,,,,,,2026-10-04,backend/data/gw4-remaining-nine/sources.md
1000560577,1000000071,2026,2000020049,STARTER,,,,,,2026-10-04,backend/data/gw4-remaining-nine/sources.md
1000560577,1000000071,2026,2000030103,STARTER,,,,,,2026-10-04,backend/data/gw4-remaining-nine/sources.md
1000560577,1000000071,2026,2000030252,SUB_UNUSED,,,,,,2026-10-04,backend/data/gw4-remaining-nine/sources.md
1000560577,1000000071,2026,2000030254,SUB_USED,,,,,,2026-10-04,backend/data/gw4-remaining-nine/sources.md
1000560578,1000000397,2026,2000030042,STARTER,,,,,,2026-10-04,backend/data/gw4-remaining-nine/sources.md
1000560578,1000000397,2026,2000030043,STARTER,,,,,,2026-10-04,backend/data/gw4-remaining-nine/sources.md
1000560578,1000000397,2026,2000030045,STARTER,,,,,,2026-10-04,backend/data/gw4-remaining-nine/sources.md
1000560578,1000000397,2026,2000030046,STARTER,,,,,,2026-10-04,backend/data/gw4-remaining-nine/sources.md
1000560578,1000000397,2026,2000030048,STARTER,,,,,,2026-10-04,backend/data/gw4-remaining-nine/sources.md
1000560578,1000000397,2026,2000030049,STARTER,,,,,,2026-10-04,backend/data/gw4-remaining-nine/sources.md
1000560578,1000000397,2026,2000030050,SUB_USED,,,,,,2026-10-04,backend/data/gw4-remaining-nine/sources.md
1000560578,1000000397,2026,2000030051,STARTER,,,,,,2026-10-04,backend/data/gw4-remaining-nine/sources.md
1000560578,1000000397,2026,2000030052,SUB_USED,,,,,,2026-10-04,backend/data/gw4-remaining-nine/sources.md
1000560578,1000000397,2026,2000030054,STARTER,,,,,,2026-10-04,backend/data/gw4-remaining-nine/sources.md
1000560578,1000000397,2026,2000030055,STARTER,,,,,,2026-10-04,backend/data/gw4-remaining-nine/sources.md
1000560578,1000000397,2026,2000030117,STARTER,,,,,,2026-10-04,backend/data/gw4-remaining-nine/sources.md
1000560578,1000000397,2026,2000030118,SUB_UNUSED,,,,,,2026-10-04,backend/data/gw4-remaining-nine/sources.md
1000560578,1000000397,2026,2000030119,SUB_USED,,,,,,2026-10-04,backend/data/gw4-remaining-nine/sources.md
1000560578,1000000397,2026,2000030121,SUB_UNUSED,,,,,,2026-10-04,backend/data/gw4-remaining-nine/sources.md
1000560578,1000000397,2026,2000030167,STARTER,,,,,,2026-10-04,backend/data/gw4-remaining-nine/sources.md
1000560578,1000000397,2026,2000030169,SUB_USED,,,,,,2026-10-04,backend/data/gw4-remaining-nine/sources.md
1000560578,1000000397,2026,2000030173,SUB_UNUSED,,,,,,2026-10-04,backend/data/gw4-remaining-nine/sources.md
1000560578,1000000397,2026,2000030176,SUB_UNUSED,,,,,,2026-10-04,backend/data/gw4-remaining-nine/sources.md
1000560578,1000000397,2026,2000030259,SUB_USED,,,,,,2026-10-04,backend/data/gw4-remaining-nine/sources.md
1000560578,1000001076,2026,2000002001,STARTER,,,,,,2026-10-04,backend/data/gw4-remaining-nine/sources.md
1000560578,1000001076,2026,2000002002,STARTER,,,,,,2026-10-04,backend/data/gw4-remaining-nine/sources.md
1000560578,1000001076,2026,2000002003,STARTER,,,,,,2026-10-04,backend/data/gw4-remaining-nine/sources.md
1000560578,1000001076,2026,2000002004,STARTER,,,,,,2026-10-04,backend/data/gw4-remaining-nine/sources.md
1000560578,1000001076,2026,2000002005,STARTER,,,,,,2026-10-04,backend/data/gw4-remaining-nine/sources.md
1000560578,1000001076,2026,2000002006,SUB_UNUSED,,,,,,2026-10-04,backend/data/gw4-remaining-nine/sources.md
1000560578,1000001076,2026,2000002007,SUB_USED,,,,,,2026-10-04,backend/data/gw4-remaining-nine/sources.md
1000560578,1000001076,2026,2000002009,STARTER,,,,,,2026-10-04,backend/data/gw4-remaining-nine/sources.md
1000560578,1000001076,2026,2000002011,SUB_UNUSED,,,,,,2026-10-04,backend/data/gw4-remaining-nine/sources.md
1000560578,1000001076,2026,2000002013,STARTER,,,,,,2026-10-04,backend/data/gw4-remaining-nine/sources.md
1000560578,1000001076,2026,2000002014,STARTER,,,,,,2026-10-04,backend/data/gw4-remaining-nine/sources.md
1000560578,1000001076,2026,2000002015,SUB_UNUSED,,,,,,2026-10-04,backend/data/gw4-remaining-nine/sources.md
1000560578,1000001076,2026,2000002016,STARTER,,,,,,2026-10-04,backend/data/gw4-remaining-nine/sources.md
1000560578,1000001076,2026,2000002020,SUB_USED,,,,,,2026-10-04,backend/data/gw4-remaining-nine/sources.md
1000560578,1000001076,2026,2000002021,STARTER,,,,,,2026-10-04,backend/data/gw4-remaining-nine/sources.md
1000560578,1000001076,2026,2000002022,SUB_UNUSED,,,,,,2026-10-04,backend/data/gw4-remaining-nine/sources.md
1000560578,1000001076,2026,2000002024,STARTER,,,,,,2026-10-04,backend/data/gw4-remaining-nine/sources.md
1000560578,1000001076,2026,2000002026,SUB_USED,,,,,,2026-10-04,backend/data/gw4-remaining-nine/sources.md
1000560578,1000001076,2026,2000002028,SUB_UNUSED,,,,,,2026-10-04,backend/data/gw4-remaining-nine/sources.md
1000560578,1000001076,2026,2000002029,SUB_USED,,,,,,2026-10-04,backend/data/gw4-remaining-nine/sources.md
1000560579,1000000067,2026,18911,SUB_UNUSED,,,,,,2026-10-04,backend/data/gw4-remaining-nine/sources.md
1000560579,1000000067,2026,158694,SUB_USED,,,,,,2026-10-04,backend/data/gw4-remaining-nine/sources.md
1000560579,1000000067,2026,2000030071,SUB_USED,,,,,,2026-10-04,backend/data/gw4-remaining-nine/sources.md
1000560579,1000000067,2026,2000030072,STARTER,,,,,,2026-10-04,backend/data/gw4-remaining-nine/sources.md
1000560579,1000000067,2026,2000030074,STARTER,,,,,,2026-10-04,backend/data/gw4-remaining-nine/sources.md
1000560579,1000000067,2026,2000030075,SUB_UNUSED,,,,,,2026-10-04,backend/data/gw4-remaining-nine/sources.md
1000560579,1000000067,2026,2000030076,STARTER,,,,,,2026-10-04,backend/data/gw4-remaining-nine/sources.md
1000560579,1000000067,2026,2000030077,SUB_USED,,,,,,2026-10-04,backend/data/gw4-remaining-nine/sources.md
1000560579,1000000067,2026,2000030078,STARTER,,,,,,2026-10-04,backend/data/gw4-remaining-nine/sources.md
1000560579,1000000067,2026,2000030079,SUB_UNUSED,,,,,,2026-10-04,backend/data/gw4-remaining-nine/sources.md
1000560579,1000000067,2026,2000030080,SUB_USED,,,,,,2026-10-04,backend/data/gw4-remaining-nine/sources.md
1000560579,1000000067,2026,2000030081,STARTER,,,,,,2026-10-04,backend/data/gw4-remaining-nine/sources.md
1000560579,1000000067,2026,2000030106,STARTER,,,,,,2026-10-04,backend/data/gw4-remaining-nine/sources.md
1000560579,1000000067,2026,2000030128,STARTER,,,,,,2026-10-04,backend/data/gw4-remaining-nine/sources.md
1000560579,1000000067,2026,2000030129,STARTER,,,,,,2026-10-04,backend/data/gw4-remaining-nine/sources.md
1000560579,1000000067,2026,2000030130,STARTER,,,,,,2026-10-04,backend/data/gw4-remaining-nine/sources.md
1000560579,1000000067,2026,2000030131,STARTER,,,,,,2026-10-04,backend/data/gw4-remaining-nine/sources.md
1000560579,1000000067,2026,2000030134,SUB_USED,,,,,,2026-10-04,backend/data/gw4-remaining-nine/sources.md
1000560579,1000000067,2026,2000030238,STARTER,,,,,,2026-10-04,backend/data/gw4-remaining-nine/sources.md
1000560579,1000000067,2026,2000030239,SUB_UNUSED,,,,,,2026-10-04,backend/data/gw4-remaining-nine/sources.md
1000560579,1000000341,2026,2000014001,STARTER,,,,,,2026-10-04,backend/data/gw4-remaining-nine/sources.md
1000560579,1000000341,2026,2000014002,STARTER,,,,,,2026-10-04,backend/data/gw4-remaining-nine/sources.md
1000560579,1000000341,2026,2000014003,SUB_UNUSED,,,,,,2026-10-04,backend/data/gw4-remaining-nine/sources.md
1000560579,1000000341,2026,2000014004,STARTER,,,,,,2026-10-04,backend/data/gw4-remaining-nine/sources.md
1000560579,1000000341,2026,2000020065,STARTER,,,,,,2026-10-04,backend/data/gw4-remaining-nine/sources.md
1000560579,1000000341,2026,2000020066,SUB_USED,,,,,,2026-10-04,backend/data/gw4-remaining-nine/sources.md
1000560579,1000000341,2026,2000020067,STARTER,,,,,,2026-10-04,backend/data/gw4-remaining-nine/sources.md
1000560579,1000000341,2026,2000020068,STARTER,,,,,,2026-10-04,backend/data/gw4-remaining-nine/sources.md
1000560579,1000000341,2026,2000020069,SUB_USED,,,,,,2026-10-04,backend/data/gw4-remaining-nine/sources.md
1000560579,1000000341,2026,2000020070,STARTER,,,,,,2026-10-04,backend/data/gw4-remaining-nine/sources.md
1000560579,1000000341,2026,2000020071,STARTER,,,,,,2026-10-04,backend/data/gw4-remaining-nine/sources.md
1000560579,1000000341,2026,2000020072,SUB_USED,,,,,,2026-10-04,backend/data/gw4-remaining-nine/sources.md
1000560579,1000000341,2026,2000020080,STARTER,,,,,,2026-10-04,backend/data/gw4-remaining-nine/sources.md
1000560579,1000000341,2026,2000020082,STARTER,,,,,,2026-10-04,backend/data/gw4-remaining-nine/sources.md
1000560579,1000000341,2026,2000020083,SUB_USED,,,,,,2026-10-04,backend/data/gw4-remaining-nine/sources.md
1000560579,1000000341,2026,2000020084,SUB_USED,,,,,,2026-10-04,backend/data/gw4-remaining-nine/sources.md
1000560579,1000000341,2026,2000030220,STARTER,,,,,,2026-10-04,backend/data/gw4-remaining-nine/sources.md
1000560579,1000000341,2026,2000030224,SUB_UNUSED,,,,,,2026-10-04,backend/data/gw4-remaining-nine/sources.md
1000560579,1000000341,2026,2000030225,SUB_USED,,,,,,2026-10-04,backend/data/gw4-remaining-nine/sources.md
1000560579,1000000341,2026,2000030226,SUB_UNUSED,,,,,,2026-10-04,backend/data/gw4-remaining-nine/sources.md
1000560581,1000000061,2026,2000005001,STARTER,,,,,,2026-10-04,backend/data/gw4-remaining-nine/sources.md
1000560581,1000000061,2026,2000005003,STARTER,,,,,,2026-10-04,backend/data/gw4-remaining-nine/sources.md
1000560581,1000000061,2026,2000005004,SUB_USED,,,,,,2026-10-04,backend/data/gw4-remaining-nine/sources.md
1000560581,1000000061,2026,2000005005,SUB_USED,,,,,,2026-10-04,backend/data/gw4-remaining-nine/sources.md
1000560581,1000000061,2026,2000005006,STARTER,,,,,,2026-10-04,backend/data/gw4-remaining-nine/sources.md
1000560581,1000000061,2026,2000005007,STARTER,,,,,,2026-10-04,backend/data/gw4-remaining-nine/sources.md
1000560581,1000000061,2026,2000005008,STARTER,,,,,,2026-10-04,backend/data/gw4-remaining-nine/sources.md
1000560581,1000000061,2026,2000005009,STARTER,,,,,,2026-10-04,backend/data/gw4-remaining-nine/sources.md
1000560581,1000000061,2026,2000005010,SUB_UNUSED,,,,,,2026-10-04,backend/data/gw4-remaining-nine/sources.md
1000560581,1000000061,2026,2000005012,STARTER,,,,,,2026-10-04,backend/data/gw4-remaining-nine/sources.md
1000560581,1000000061,2026,2000005013,SUB_USED,,,,,,2026-10-04,backend/data/gw4-remaining-nine/sources.md
1000560581,1000000061,2026,2000005014,STARTER,,,,,,2026-10-04,backend/data/gw4-remaining-nine/sources.md
1000560581,1000000061,2026,2000005016,SUB_UNUSED,,,,,,2026-10-04,backend/data/gw4-remaining-nine/sources.md
1000560581,1000000061,2026,2000005017,STARTER,,,,,,2026-10-04,backend/data/gw4-remaining-nine/sources.md
1000560581,1000000061,2026,2000005019,STARTER,,,,,,2026-10-04,backend/data/gw4-remaining-nine/sources.md
1000560581,1000000061,2026,2000005020,SUB_USED,,,,,,2026-10-04,backend/data/gw4-remaining-nine/sources.md
1000560581,1000000061,2026,2000005022,SUB_UNUSED,,,,,,2026-10-04,backend/data/gw4-remaining-nine/sources.md
1000560581,1000000061,2026,2000005023,SUB_UNUSED,,,,,,2026-10-04,backend/data/gw4-remaining-nine/sources.md
1000560581,1000000061,2026,2000005024,SUB_USED,,,,,,2026-10-04,backend/data/gw4-remaining-nine/sources.md
1000560581,1000000061,2026,2000005025,STARTER,,,,,,2026-10-04,backend/data/gw4-remaining-nine/sources.md
1000560581,1000000322,2026,284500,SUB_USED,,,,,,2026-10-04,backend/data/gw4-remaining-nine/sources.md
1000560581,1000000322,2026,2000010001,STARTER,,,,,,2026-10-04,backend/data/gw4-remaining-nine/sources.md
1000560581,1000000322,2026,2000010002,STARTER,,,,,,2026-10-04,backend/data/gw4-remaining-nine/sources.md
1000560581,1000000322,2026,2000010003,STARTER,,,,,,2026-10-04,backend/data/gw4-remaining-nine/sources.md
1000560581,1000000322,2026,2000010004,STARTER,,,,,,2026-10-04,backend/data/gw4-remaining-nine/sources.md
1000560581,1000000322,2026,2000010005,STARTER,,,,,,2026-10-04,backend/data/gw4-remaining-nine/sources.md
1000560581,1000000322,2026,2000020004,STARTER,,,,,,2026-10-04,backend/data/gw4-remaining-nine/sources.md
1000560581,1000000322,2026,2000020005,STARTER,,,,,,2026-10-04,backend/data/gw4-remaining-nine/sources.md
1000560581,1000000322,2026,2000020006,STARTER,,,,,,2026-10-04,backend/data/gw4-remaining-nine/sources.md
1000560581,1000000322,2026,2000020007,STARTER,,,,,,2026-10-04,backend/data/gw4-remaining-nine/sources.md
1000560581,1000000322,2026,2000020008,STARTER,,,,,,2026-10-04,backend/data/gw4-remaining-nine/sources.md
1000560581,1000000322,2026,2000020009,STARTER,,,,,,2026-10-04,backend/data/gw4-remaining-nine/sources.md
1000560581,1000000322,2026,2000020010,SUB_USED,,,,,,2026-10-04,backend/data/gw4-remaining-nine/sources.md
1000560581,1000000322,2026,2000020014,SUB_UNUSED,,,,,,2026-10-04,backend/data/gw4-remaining-nine/sources.md
1000560581,1000000322,2026,2000020015,SUB_UNUSED,,,,,,2026-10-04,backend/data/gw4-remaining-nine/sources.md
1000560581,1000000322,2026,2000020016,SUB_UNUSED,,,,,,2026-10-04,backend/data/gw4-remaining-nine/sources.md
1000560581,1000000322,2026,2000030207,SUB_USED,,,,,,2026-10-04,backend/data/gw4-remaining-nine/sources.md
1000560581,1000000322,2026,2000030209,SUB_USED,,,,,,2026-10-04,backend/data/gw4-remaining-nine/sources.md
1000560581,1000000322,2026,2000030210,SUB_USED,,,,,,2026-10-04,backend/data/gw4-remaining-nine/sources.md
1000560581,1000000322,2026,2000030211,SUB_USED,,,,,,2026-10-04,backend/data/gw4-remaining-nine/sources.md
1000560582,1000000064,2026,2000003001,STARTER,,,,,,2026-10-04,backend/data/gw5-last-five/sources.md
1000560582,1000000064,2026,2000003002,SUB_UNUSED,,,,,,2026-10-04,backend/data/gw5-last-five/sources.md
1000560582,1000000064,2026,2000003004,STARTER,,,,,,2026-10-04,backend/data/gw5-last-five/sources.md
1000560582,1000000064,2026,2000003005,STARTER,,,,,,2026-10-04,backend/data/gw5-last-five/sources.md
1000560582,1000000064,2026,2000003006,STARTER,,,,,,2026-10-04,backend/data/gw5-last-five/sources.md
1000560582,1000000064,2026,2000003007,STARTER,,,,,,2026-10-04,backend/data/gw5-last-five/sources.md
1000560582,1000000064,2026,2000003008,STARTER,,,,,,2026-10-04,backend/data/gw5-last-five/sources.md
1000560582,1000000064,2026,2000003009,STARTER,,,,,,2026-10-04,backend/data/gw5-last-five/sources.md
1000560582,1000000064,2026,2000003010,STARTER,,,,,,2026-10-04,backend/data/gw5-last-five/sources.md
1000560582,1000000064,2026,2000003011,STARTER,,,,,,2026-10-04,backend/data/gw5-last-five/sources.md
1000560582,1000000064,2026,2000003012,SUB_UNUSED,,,,,,2026-10-04,backend/data/gw5-last-five/sources.md
1000560582,1000000064,2026,2000003014,SUB_USED,,,,,,2026-10-04,backend/data/gw5-last-five/sources.md
1000560582,1000000064,2026,2000003015,SUB_UNUSED,,,,,,2026-10-04,backend/data/gw5-last-five/sources.md
1000560582,1000000064,2026,2000003017,STARTER,,,,,,2026-10-04,backend/data/gw5-last-five/sources.md
1000560582,1000000064,2026,2000003018,SUB_UNUSED,,,,,,2026-10-04,backend/data/gw5-last-five/sources.md
1000560582,1000000064,2026,2000003019,STARTER,,,,,,2026-10-04,backend/data/gw5-last-five/sources.md
1000560582,1000000064,2026,2000003020,SUB_USED,,,,,,2026-10-04,backend/data/gw5-last-five/sources.md
1000560582,1000000064,2026,2000003021,SUB_USED,,,,,,2026-10-04,backend/data/gw5-last-five/sources.md
1000560582,1000000064,2026,2000003023,SUB_USED,,,,,,2026-10-04,backend/data/gw5-last-five/sources.md
1000560582,1000000064,2026,2000003024,SUB_UNUSED,,,,,,2026-10-04,backend/data/gw5-last-five/sources.md
1000560582,1000001044,2026,1125,STARTER,,,,,,2026-10-04,backend/data/gw5-last-five/sources.md
1000560582,1000001044,2026,2000030030,STARTER,,,,,,2026-10-04,backend/data/gw5-last-five/sources.md
1000560582,1000001044,2026,2000030031,STARTER,,,,,,2026-10-04,backend/data/gw5-last-five/sources.md
1000560582,1000001044,2026,2000030032,STARTER,,,,,,2026-10-04,backend/data/gw5-last-five/sources.md
1000560582,1000001044,2026,2000030033,STARTER,,,,,,2026-10-04,backend/data/gw5-last-five/sources.md
1000560582,1000001044,2026,2000030034,SUB_USED,,,,,,2026-10-04,backend/data/gw5-last-five/sources.md
1000560582,1000001044,2026,2000030035,STARTER,,,,,,2026-10-04,backend/data/gw5-last-five/sources.md
1000560582,1000001044,2026,2000030036,STARTER,,,,,,2026-10-04,backend/data/gw5-last-five/sources.md
1000560582,1000001044,2026,2000030037,SUB_USED,,,,,,2026-10-04,backend/data/gw5-last-five/sources.md
1000560582,1000001044,2026,2000030038,SUB_USED,,,,,,2026-10-04,backend/data/gw5-last-five/sources.md
1000560582,1000001044,2026,2000030040,SUB_USED,,,,,,2026-10-04,backend/data/gw5-last-five/sources.md
1000560582,1000001044,2026,2000030108,STARTER,,,,,,2026-10-04,backend/data/gw5-last-five/sources.md
1000560582,1000001044,2026,2000030109,STARTER,,,,,,2026-10-04,backend/data/gw5-last-five/sources.md
1000560582,1000001044,2026,2000030110,STARTER,,,,,,2026-10-04,backend/data/gw5-last-five/sources.md
1000560582,1000001044,2026,2000030111,STARTER,,,,,,2026-10-04,backend/data/gw5-last-five/sources.md
1000560582,1000001044,2026,2000030113,SUB_UNUSED,,,,,,2026-10-04,backend/data/gw5-last-five/sources.md
1000560582,1000001044,2026,2000030114,SUB_UNUSED,,,,,,2026-10-04,backend/data/gw5-last-five/sources.md
1000560582,1000001044,2026,2000030115,SUB_USED,,,,,,2026-10-04,backend/data/gw5-last-five/sources.md
1000560582,1000001044,2026,2000030154,SUB_UNUSED,,,,,,2026-10-04,backend/data/gw5-last-five/sources.md
1000560582,1000001044,2026,2000030157,SUB_UNUSED,,,,,,2026-10-04,backend/data/gw5-last-five/sources.md
1000560583,1000000063,2026,2729,SUB_USED,,,,,,2026-10-04,backend/data/gw5-last-five/sources.md
1000560583,1000000063,2026,2000030082,STARTER,,,,,,2026-10-04,backend/data/gw5-last-five/sources.md
1000560583,1000000063,2026,2000030083,STARTER,,,,,,2026-10-04,backend/data/gw5-last-five/sources.md
1000560583,1000000063,2026,2000030084,STARTER,,,,,,2026-10-04,backend/data/gw5-last-five/sources.md
1000560583,1000000063,2026,2000030085,SUB_USED,,,,,,2026-10-04,backend/data/gw5-last-five/sources.md
1000560583,1000000063,2026,2000030086,STARTER,,,,,,2026-10-04,backend/data/gw5-last-five/sources.md
1000560583,1000000063,2026,2000030087,STARTER,,,,,,2026-10-04,backend/data/gw5-last-five/sources.md
1000560583,1000000063,2026,2000030088,SUB_UNUSED,,,,,,2026-10-04,backend/data/gw5-last-five/sources.md
1000560583,1000000063,2026,2000030089,STARTER,,,,,,2026-10-04,backend/data/gw5-last-five/sources.md
1000560583,1000000063,2026,2000030090,SUB_USED,,,,,,2026-10-04,backend/data/gw5-last-five/sources.md
1000560583,1000000063,2026,2000030091,SUB_USED,,,,,,2026-10-04,backend/data/gw5-last-five/sources.md
1000560583,1000000063,2026,2000030092,STARTER,,,,,,2026-10-04,backend/data/gw5-last-five/sources.md
1000560583,1000000063,2026,2000030093,STARTER,,,,,,2026-10-04,backend/data/gw5-last-five/sources.md
1000560583,1000000063,2026,2000030136,STARTER,,,,,,2026-10-04,backend/data/gw5-last-five/sources.md
1000560583,1000000063,2026,2000030138,STARTER,,,,,,2026-10-04,backend/data/gw5-last-five/sources.md
1000560583,1000000063,2026,2000030139,SUB_UNUSED,,,,,,2026-10-04,backend/data/gw5-last-five/sources.md
1000560583,1000000063,2026,2000030142,SUB_UNUSED,,,,,,2026-10-04,backend/data/gw5-last-five/sources.md
1000560583,1000000063,2026,2000030195,SUB_USED,,,,,,2026-10-04,backend/data/gw5-last-five/sources.md
1000560583,1000000063,2026,2000030196,SUB_UNUSED,,,,,,2026-10-04,backend/data/gw5-last-five/sources.md
1000560583,1000000063,2026,2000030197,STARTER,,,,,,2026-10-04,backend/data/gw5-last-five/sources.md
1000560583,1000000066,2026,2000006001,STARTER,,,,,,2026-10-04,backend/data/gw5-last-five/sources.md
1000560583,1000000066,2026,2000006002,STARTER,,,,,,2026-10-04,backend/data/gw5-last-five/sources.md
1000560583,1000000066,2026,2000006003,SUB_UNUSED,,,,,,2026-10-04,backend/data/gw5-last-five/sources.md
1000560583,1000000066,2026,2000006005,STARTER,,,,,,2026-10-04,backend/data/gw5-last-five/sources.md
1000560583,1000000066,2026,2000006006,STARTER,,,,,,2026-10-04,backend/data/gw5-last-five/sources.md
1000560583,1000000066,2026,2000006007,SUB_USED,,,,,,2026-10-04,backend/data/gw5-last-five/sources.md
1000560583,1000000066,2026,2000006008,STARTER,,,,,,2026-10-04,backend/data/gw5-last-five/sources.md
1000560583,1000000066,2026,2000006009,STARTER,,,,,,2026-10-04,backend/data/gw5-last-five/sources.md
1000560583,1000000066,2026,2000006010,STARTER,,,,,,2026-10-04,backend/data/gw5-last-five/sources.md
1000560583,1000000066,2026,2000006011,SUB_USED,,,,,,2026-10-04,backend/data/gw5-last-five/sources.md
1000560583,1000000066,2026,2000006012,SUB_UNUSED,,,,,,2026-10-04,backend/data/gw5-last-five/sources.md
1000560583,1000000066,2026,2000006013,SUB_USED,,,,,,2026-10-04,backend/data/gw5-last-five/sources.md
1000560583,1000000066,2026,2000006014,SUB_UNUSED,,,,,,2026-10-04,backend/data/gw5-last-five/sources.md
1000560583,1000000066,2026,2000006016,SUB_UNUSED,,,,,,2026-10-04,backend/data/gw5-last-five/sources.md
1000560583,1000000066,2026,2000006017,STARTER,,,,,,2026-10-04,backend/data/gw5-last-five/sources.md
1000560583,1000000066,2026,2000006018,STARTER,,,,,,2026-10-04,backend/data/gw5-last-five/sources.md
1000560583,1000000066,2026,2000006019,SUB_UNUSED,,,,,,2026-10-04,backend/data/gw5-last-five/sources.md
1000560583,1000000066,2026,2000006021,STARTER,,,,,,2026-10-04,backend/data/gw5-last-five/sources.md
1000560583,1000000066,2026,2000006025,STARTER,,,,,,2026-10-04,backend/data/gw5-last-five/sources.md
1000560583,1000000066,2026,2000006026,SUB_UNUSED,,,,,,2026-10-04,backend/data/gw5-last-five/sources.md
1000560584,1000000062,2026,2000015001,STARTER,,,,,,2026-10-04,backend/data/gw5-first-five/sources.md
1000560584,1000000062,2026,2000015002,STARTER,,,,,,2026-10-04,backend/data/gw5-first-five/sources.md
1000560584,1000000062,2026,2000015004,STARTER,,,,,,2026-10-04,backend/data/gw5-first-five/sources.md
1000560584,1000000062,2026,2000015005,STARTER,,,,,,2026-10-04,backend/data/gw5-first-five/sources.md
1000560584,1000000062,2026,2000020085,STARTER,,,,,,2026-10-04,backend/data/gw5-first-five/sources.md
1000560584,1000000062,2026,2000020086,STARTER,,,,,,2026-10-04,backend/data/gw5-first-five/sources.md
1000560584,1000000062,2026,2000020087,SUB_USED,,,,,,2026-10-04,backend/data/gw5-first-five/sources.md
1000560584,1000000062,2026,2000020088,SUB_USED,,,,,,2026-10-04,backend/data/gw5-first-five/sources.md
1000560584,1000000062,2026,2000020089,STARTER,,,,,,2026-10-04,backend/data/gw5-first-five/sources.md
1000560584,1000000062,2026,2000020091,STARTER,,,,,,2026-10-04,backend/data/gw5-first-five/sources.md
1000560584,1000000062,2026,2000020093,STARTER,,,,,,2026-10-04,backend/data/gw5-first-five/sources.md
1000560584,1000000062,2026,2000020094,SUB_UNUSED,,,,,,2026-10-04,backend/data/gw5-first-five/sources.md
1000560584,1000000062,2026,2000020109,SUB_UNUSED,,,,,,2026-10-04,backend/data/gw5-first-five/sources.md
1000560584,1000000062,2026,2000020111,SUB_UNUSED,,,,,,2026-10-04,backend/data/gw5-first-five/sources.md
1000560584,1000000062,2026,2000020112,SUB_USED,,,,,,2026-10-04,backend/data/gw5-first-five/sources.md
1000560584,1000000062,2026,2000020113,SUB_USED,,,,,,2026-10-04,backend/data/gw5-first-five/sources.md
1000560584,1000000062,2026,2000030029,STARTER,,,,,,2026-10-04,backend/data/gw5-first-five/sources.md
1000560584,1000000062,2026,2000030190,SUB_UNUSED,,,,,,2026-10-04,backend/data/gw5-first-five/sources.md
1000560584,1000000062,2026,2000030191,STARTER,,,,,,2026-10-04,backend/data/gw5-first-five/sources.md
1000560584,1000000062,2026,2000030192,SUB_UNUSED,,,,,,2026-10-04,backend/data/gw5-first-five/sources.md
1000560584,1000000349,2026,138931,SUB_USED,,,,,,2026-10-04,backend/data/gw5-first-five/sources.md
1000560584,1000000349,2026,2000011001,STARTER,,,,,,2026-10-04,backend/data/gw5-first-five/sources.md
1000560584,1000000349,2026,2000011002,STARTER,,,,,,2026-10-04,backend/data/gw5-first-five/sources.md
1000560584,1000000349,2026,2000011003,STARTER,,,,,,2026-10-04,backend/data/gw5-first-five/sources.md
1000560584,1000000349,2026,2000011004,STARTER,,,,,,2026-10-04,backend/data/gw5-first-five/sources.md
1000560584,1000000349,2026,2000011005,SUB_UNUSED,,,,,,2026-10-04,backend/data/gw5-first-five/sources.md
1000560584,1000000349,2026,2000020019,SUB_UNUSED,,,,,,2026-10-04,backend/data/gw5-first-five/sources.md
1000560584,1000000349,2026,2000020020,STARTER,,,,,,2026-10-04,backend/data/gw5-first-five/sources.md
1000560584,1000000349,2026,2000020021,SUB_UNUSED,,,,,,2026-10-04,backend/data/gw5-first-five/sources.md
1000560584,1000000349,2026,2000020022,STARTER,,,,,,2026-10-04,backend/data/gw5-first-five/sources.md
1000560584,1000000349,2026,2000020023,STARTER,,,,,,2026-10-04,backend/data/gw5-first-five/sources.md
1000560584,1000000349,2026,2000020024,SUB_USED,,,,,,2026-10-04,backend/data/gw5-first-five/sources.md
1000560584,1000000349,2026,2000020025,STARTER,,,,,,2026-10-04,backend/data/gw5-first-five/sources.md
1000560584,1000000349,2026,2000020027,SUB_USED,,,,,,2026-10-04,backend/data/gw5-first-five/sources.md
1000560584,1000000349,2026,2000020028,STARTER,,,,,,2026-10-04,backend/data/gw5-first-five/sources.md
1000560584,1000000349,2026,2000020044,STARTER,,,,,,2026-10-04,backend/data/gw5-first-five/sources.md
1000560584,1000000349,2026,2000020045,SUB_UNUSED,,,,,,2026-10-04,backend/data/gw5-first-five/sources.md
1000560584,1000000349,2026,2000030217,SUB_USED,,,,,,2026-10-04,backend/data/gw5-first-five/sources.md
1000560584,1000000349,2026,2000030218,STARTER,,,,,,2026-10-04,backend/data/gw5-first-five/sources.md
1000560584,1000000349,2026,2000030219,SUB_USED,,,,,,2026-10-04,backend/data/gw5-first-five/sources.md
1000560585,1000000341,2026,2000014001,STARTER,,,,,,2026-10-04,backend/data/gw5-last-five/sources.md
1000560585,1000000341,2026,2000014002,STARTER,,,,,,2026-10-04,backend/data/gw5-last-five/sources.md
1000560585,1000000341,2026,2000014003,SUB_UNUSED,,,,,,2026-10-04,backend/data/gw5-last-five/sources.md
1000560585,1000000341,2026,2000014004,STARTER,,,,,,2026-10-04,backend/data/gw5-last-five/sources.md
1000560585,1000000341,2026,2000020065,STARTER,,,,,,2026-10-04,backend/data/gw5-last-five/sources.md
1000560585,1000000341,2026,2000020067,STARTER,,,,,,2026-10-04,backend/data/gw5-last-five/sources.md
1000560585,1000000341,2026,2000020068,STARTER,,,,,,2026-10-04,backend/data/gw5-last-five/sources.md
1000560585,1000000341,2026,2000020069,SUB_USED,,,,,,2026-10-04,backend/data/gw5-last-five/sources.md
1000560585,1000000341,2026,2000020070,STARTER,,,,,,2026-10-04,backend/data/gw5-last-five/sources.md
1000560585,1000000341,2026,2000020071,STARTER,,,,,,2026-10-04,backend/data/gw5-last-five/sources.md
1000560585,1000000341,2026,2000020072,SUB_UNUSED,,,,,,2026-10-04,backend/data/gw5-last-five/sources.md
1000560585,1000000341,2026,2000020080,STARTER,,,,,,2026-10-04,backend/data/gw5-last-five/sources.md
1000560585,1000000341,2026,2000020082,STARTER,,,,,,2026-10-04,backend/data/gw5-last-five/sources.md
1000560585,1000000341,2026,2000020083,SUB_USED,,,,,,2026-10-04,backend/data/gw5-last-five/sources.md
1000560585,1000000341,2026,2000020084,SUB_USED,,,,,,2026-10-04,backend/data/gw5-last-five/sources.md
1000560585,1000000341,2026,2000030220,STARTER,,,,,,2026-10-04,backend/data/gw5-last-five/sources.md
1000560585,1000000341,2026,2000030221,SUB_UNUSED,,,,,,2026-10-04,backend/data/gw5-last-five/sources.md
1000560585,1000000341,2026,2000030224,SUB_UNUSED,,,,,,2026-10-04,backend/data/gw5-last-five/sources.md
1000560585,1000000341,2026,2000030225,SUB_UNUSED,,,,,,2026-10-04,backend/data/gw5-last-five/sources.md
1000560585,1000000341,2026,2000030226,SUB_USED,,,,,,2026-10-04,backend/data/gw5-last-five/sources.md
1000560585,1000000354,2026,2218,SUB_USED,,,,,,2026-10-04,backend/data/gw5-last-five/sources.md
1000560585,1000000354,2026,2490,SUB_USED,,,,,,2026-10-04,backend/data/gw5-last-five/sources.md
1000560585,1000000354,2026,3339,SUB_UNUSED,,,,,,2026-10-04,backend/data/gw5-last-five/sources.md
1000560585,1000000354,2026,2000016001,STARTER,,,,,,2026-10-04,backend/data/gw5-last-five/sources.md
1000560585,1000000354,2026,2000016002,STARTER,,,,,,2026-10-04,backend/data/gw5-last-five/sources.md
1000560585,1000000354,2026,2000020096,STARTER,,,,,,2026-10-04,backend/data/gw5-last-five/sources.md
1000560585,1000000354,2026,2000020097,SUB_UNUSED,,,,,,2026-10-04,backend/data/gw5-last-five/sources.md
1000560585,1000000354,2026,2000020098,STARTER,,,,,,2026-10-04,backend/data/gw5-last-five/sources.md
1000560585,1000000354,2026,2000020099,STARTER,,,,,,2026-10-04,backend/data/gw5-last-five/sources.md
1000560585,1000000354,2026,2000020101,SUB_USED,,,,,,2026-10-04,backend/data/gw5-last-five/sources.md
1000560585,1000000354,2026,2000020103,STARTER,,,,,,2026-10-04,backend/data/gw5-last-five/sources.md
1000560585,1000000354,2026,2000020105,STARTER,,,,,,2026-10-04,backend/data/gw5-last-five/sources.md
1000560585,1000000354,2026,2000020106,STARTER,,,,,,2026-10-04,backend/data/gw5-last-five/sources.md
1000560585,1000000354,2026,2000020108,STARTER,,,,,,2026-10-04,backend/data/gw5-last-five/sources.md
1000560585,1000000354,2026,2000020114,STARTER,,,,,,2026-10-04,backend/data/gw5-last-five/sources.md
1000560585,1000000354,2026,2000020116,SUB_UNUSED,,,,,,2026-10-04,backend/data/gw5-last-five/sources.md
1000560585,1000000354,2026,2000030184,SUB_UNUSED,,,,,,2026-10-04,backend/data/gw5-last-five/sources.md
1000560585,1000000354,2026,2000030187,SUB_UNUSED,,,,,,2026-10-04,backend/data/gw5-last-five/sources.md
1000560585,1000000354,2026,2000030188,STARTER,,,,,,2026-10-04,backend/data/gw5-last-five/sources.md
1000560585,1000000354,2026,2000030189,SUB_UNUSED,,,,,,2026-10-04,backend/data/gw5-last-five/sources.md
1000560586,1000000057,2026,2000001001,STARTER,,,,,,2026-10-04,backend/data/gw5-first-five/sources.md
1000560586,1000000057,2026,2000001005,SUB_UNUSED,,,,,,2026-10-04,backend/data/gw5-first-five/sources.md
1000560586,1000000057,2026,2000001006,STARTER,,,,,,2026-10-04,backend/data/gw5-first-five/sources.md
1000560586,1000000057,2026,2000001007,STARTER,,,,,,2026-10-04,backend/data/gw5-first-five/sources.md
1000560586,1000000057,2026,2000001008,STARTER,,,,,,2026-10-04,backend/data/gw5-first-five/sources.md
1000560586,1000000057,2026,2000001009,SUB_USED,,,,,,2026-10-04,backend/data/gw5-first-five/sources.md
1000560586,1000000057,2026,2000001010,STARTER,,,,,,2026-10-04,backend/data/gw5-first-five/sources.md
1000560586,1000000057,2026,2000001011,SUB_UNUSED,,,,,,2026-10-04,backend/data/gw5-first-five/sources.md
1000560586,1000000057,2026,2000001012,SUB_USED,,,,,,2026-10-04,backend/data/gw5-first-five/sources.md
1000560586,1000000057,2026,2000001013,STARTER,,,,,,2026-10-04,backend/data/gw5-first-five/sources.md
1000560586,1000000057,2026,2000001014,STARTER,,,,,,2026-10-04,backend/data/gw5-first-five/sources.md
1000560586,1000000057,2026,2000001015,SUB_UNUSED,,,,,,2026-10-04,backend/data/gw5-first-five/sources.md
1000560586,1000000057,2026,2000001017,SUB_USED,,,,,,2026-10-04,backend/data/gw5-first-five/sources.md
1000560586,1000000057,2026,2000001018,STARTER,,,,,,2026-10-04,backend/data/gw5-first-five/sources.md
1000560586,1000000057,2026,2000001020,STARTER,,,,,,2026-10-04,backend/data/gw5-first-five/sources.md
1000560586,1000000057,2026,2000001021,SUB_USED,,,,,,2026-10-04,backend/data/gw5-first-five/sources.md
1000560586,1000000057,2026,2000001022,STARTER,,,,,,2026-10-04,backend/data/gw5-first-five/sources.md
1000560586,1000000057,2026,2000001023,STARTER,,,,,,2026-10-04,backend/data/gw5-first-five/sources.md
1000560586,1000000057,2026,2000001024,SUB_UNUSED,,,,,,2026-10-04,backend/data/gw5-first-five/sources.md
1000560586,1000000057,2026,2000001025,SUB_USED,,,,,,2026-10-04,backend/data/gw5-first-five/sources.md
1000560586,1000000397,2026,2000030042,STARTER,,,,,,2026-10-04,backend/data/gw5-first-five/sources.md
1000560586,1000000397,2026,2000030043,STARTER,,,,,,2026-10-04,backend/data/gw5-first-five/sources.md
1000560586,1000000397,2026,2000030044,SUB_USED,,,,,,2026-10-04,backend/data/gw5-first-five/sources.md
1000560586,1000000397,2026,2000030046,STARTER,,,,,,2026-10-04,backend/data/gw5-first-five/sources.md
1000560586,1000000397,2026,2000030048,STARTER,,,,,,2026-10-04,backend/data/gw5-first-five/sources.md
1000560586,1000000397,2026,2000030049,STARTER,,,,,,2026-10-04,backend/data/gw5-first-five/sources.md
1000560586,1000000397,2026,2000030050,SUB_USED,,,,,,2026-10-04,backend/data/gw5-first-five/sources.md
1000560586,1000000397,2026,2000030051,STARTER,,,,,,2026-10-04,backend/data/gw5-first-five/sources.md
1000560586,1000000397,2026,2000030052,SUB_UNUSED,,,,,,2026-10-04,backend/data/gw5-first-five/sources.md
1000560586,1000000397,2026,2000030054,SUB_USED,,,,,,2026-10-04,backend/data/gw5-first-five/sources.md
1000560586,1000000397,2026,2000030055,STARTER,,,,,,2026-10-04,backend/data/gw5-first-five/sources.md
1000560586,1000000397,2026,2000030117,STARTER,,,,,,2026-10-04,backend/data/gw5-first-five/sources.md
1000560586,1000000397,2026,2000030118,SUB_UNUSED,,,,,,2026-10-04,backend/data/gw5-first-five/sources.md
1000560586,1000000397,2026,2000030119,STARTER,,,,,,2026-10-04,backend/data/gw5-first-five/sources.md
1000560586,1000000397,2026,2000030120,SUB_USED,,,,,,2026-10-04,backend/data/gw5-first-five/sources.md
1000560586,1000000397,2026,2000030121,SUB_UNUSED,,,,,,2026-10-04,backend/data/gw5-first-five/sources.md
1000560586,1000000397,2026,2000030167,STARTER,,,,,,2026-10-04,backend/data/gw5-first-five/sources.md
1000560586,1000000397,2026,2000030169,SUB_USED,,,,,,2026-10-04,backend/data/gw5-first-five/sources.md
1000560586,1000000397,2026,2000030173,SUB_UNUSED,,,,,,2026-10-04,backend/data/gw5-first-five/sources.md
1000560586,1000000397,2026,2000030259,STARTER,,,,,,2026-10-04,backend/data/gw5-first-five/sources.md
1000560587,1000000058,2026,18846,STARTER,,,,,,2026-10-04,backend/data/gw5-first-five/sources.md
1000560587,1000000058,2026,144729,SUB_UNUSED,,,,,,2026-10-04,backend/data/gw5-first-five/sources.md
1000560587,1000000058,2026,283058,STARTER,,,,,,2026-10-04,backend/data/gw5-first-five/sources.md
1000560587,1000000058,2026,2000030056,STARTER,,,,,,2026-10-04,backend/data/gw5-first-five/sources.md
1000560587,1000000058,2026,2000030057,STARTER,,,,,,2026-10-04,backend/data/gw5-first-five/sources.md
1000560587,1000000058,2026,2000030058,SUB_USED,,,,,,2026-10-04,backend/data/gw5-first-five/sources.md
1000560587,1000000058,2026,2000030059,STARTER,,,,,,2026-10-04,backend/data/gw5-first-five/sources.md
1000560587,1000000058,2026,2000030060,SUB_UNUSED,,,,,,2026-10-04,backend/data/gw5-first-five/sources.md
1000560587,1000000058,2026,2000030061,STARTER,,,,,,2026-10-04,backend/data/gw5-first-five/sources.md
1000560587,1000000058,2026,2000030063,STARTER,,,,,,2026-10-04,backend/data/gw5-first-five/sources.md
1000560587,1000000058,2026,2000030065,STARTER,,,,,,2026-10-04,backend/data/gw5-first-five/sources.md
1000560587,1000000058,2026,2000030067,SUB_UNUSED,,,,,,2026-10-04,backend/data/gw5-first-five/sources.md
1000560587,1000000058,2026,2000030068,SUB_USED,,,,,,2026-10-04,backend/data/gw5-first-five/sources.md
1000560587,1000000058,2026,2000030122,STARTER,,,,,,2026-10-04,backend/data/gw5-first-five/sources.md
1000560587,1000000058,2026,2000030123,SUB_USED,,,,,,2026-10-04,backend/data/gw5-first-five/sources.md
1000560587,1000000058,2026,2000030124,STARTER,,,,,,2026-10-04,backend/data/gw5-first-five/sources.md
1000560587,1000000058,2026,2000030146,STARTER,,,,,,2026-10-04,backend/data/gw5-first-five/sources.md
1000560587,1000000058,2026,2000030147,SUB_USED,,,,,,2026-10-04,backend/data/gw5-first-five/sources.md
1000560587,1000000058,2026,2000030150,SUB_USED,,,,,,2026-10-04,backend/data/gw5-first-five/sources.md
1000560587,1000000058,2026,2000030151,SUB_UNUSED,,,,,,2026-10-04,backend/data/gw5-first-five/sources.md
1000560587,1000000073,2026,15911,SUB_USED,,,,,,2026-10-04,backend/data/gw5-first-five/sources.md
1000560587,1000000073,2026,19145,SUB_UNUSED,,,,,,2026-10-04,backend/data/gw5-first-five/sources.md
1000560587,1000000073,2026,47519,STARTER,,,,,,2026-10-04,backend/data/gw5-first-five/sources.md
1000560587,1000000073,2026,152849,STARTER,,,,,,2026-10-04,backend/data/gw5-first-five/sources.md
1000560587,1000000073,2026,2000030015,STARTER,,,,,,2026-10-04,backend/data/gw5-first-five/sources.md
1000560587,1000000073,2026,2000030016,SUB_UNUSED,,,,,,2026-10-04,backend/data/gw5-first-five/sources.md
1000560587,1000000073,2026,2000030017,SUB_USED,,,,,,2026-10-04,backend/data/gw5-first-five/sources.md
1000560587,1000000073,2026,2000030018,STARTER,,,,,,2026-10-04,backend/data/gw5-first-five/sources.md
1000560587,1000000073,2026,2000030020,SUB_USED,,,,,,2026-10-04,backend/data/gw5-first-five/sources.md
1000560587,1000000073,2026,2000030022,SUB_USED,,,,,,2026-10-04,backend/data/gw5-first-five/sources.md
1000560587,1000000073,2026,2000030023,STARTER,,,,,,2026-10-04,backend/data/gw5-first-five/sources.md
1000560587,1000000073,2026,2000030024,STARTER,,,,,,2026-10-04,backend/data/gw5-first-five/sources.md
1000560587,1000000073,2026,2000030025,SUB_USED,,,,,,2026-10-04,backend/data/gw5-first-five/sources.md
1000560587,1000000073,2026,2000030026,SUB_UNUSED,,,,,,2026-10-04,backend/data/gw5-first-five/sources.md
1000560587,1000000073,2026,2000030027,STARTER,,,,,,2026-10-04,backend/data/gw5-first-five/sources.md
1000560587,1000000073,2026,2000030028,STARTER,,,,,,2026-10-04,backend/data/gw5-first-five/sources.md
1000560587,1000000073,2026,2000030100,STARTER,,,,,,2026-10-04,backend/data/gw5-first-five/sources.md
1000560587,1000000073,2026,2000030102,SUB_UNUSED,,,,,,2026-10-04,backend/data/gw5-first-five/sources.md
1000560587,1000000073,2026,2000030107,STARTER,,,,,,2026-10-04,backend/data/gw5-first-five/sources.md
1000560587,1000000073,2026,2000030246,STARTER,,,,,,2026-10-04,backend/data/gw5-first-five/sources.md
1000560588,1000000067,2026,18911,SUB_UNUSED,,,,,,2026-10-04,backend/data/gw5-first-five/sources.md
1000560588,1000000067,2026,2000030071,STARTER,,,,,,2026-10-04,backend/data/gw5-first-five/sources.md
1000560588,1000000067,2026,2000030072,STARTER,,,,,,2026-10-04,backend/data/gw5-first-five/sources.md
1000560588,1000000067,2026,2000030074,STARTER,,,,,,2026-10-04,backend/data/gw5-first-five/sources.md
1000560588,1000000067,2026,2000030075,SUB_USED,,,,,,2026-10-04,backend/data/gw5-first-five/sources.md
1000560588,1000000067,2026,2000030076,STARTER,,,,,,2026-10-04,backend/data/gw5-first-five/sources.md
1000560588,1000000067,2026,2000030077,SUB_USED,,,,,,2026-10-04,backend/data/gw5-first-five/sources.md
1000560588,1000000067,2026,2000030078,STARTER,,,,,,2026-10-04,backend/data/gw5-first-five/sources.md
1000560588,1000000067,2026,2000030080,STARTER,,,,,,2026-10-04,backend/data/gw5-first-five/sources.md
1000560588,1000000067,2026,2000030128,STARTER,,,,,,2026-10-04,backend/data/gw5-first-five/sources.md
1000560588,1000000067,2026,2000030129,STARTER,,,,,,2026-10-04,backend/data/gw5-first-five/sources.md
1000560588,1000000067,2026,2000030130,STARTER,,,,,,2026-10-04,backend/data/gw5-first-five/sources.md
1000560588,1000000067,2026,2000030131,STARTER,,,,,,2026-10-04,backend/data/gw5-first-five/sources.md
1000560588,1000000067,2026,2000030134,SUB_USED,,,,,,2026-10-04,backend/data/gw5-first-five/sources.md
1000560588,1000000067,2026,2000030238,STARTER,,,,,,2026-10-04,backend/data/gw5-first-five/sources.md
1000560588,1000000067,2026,2000030239,SUB_UNUSED,,,,,,2026-10-04,backend/data/gw5-first-five/sources.md
1000560588,1000000067,2026,2000030240,SUB_UNUSED,,,,,,2026-10-04,backend/data/gw5-first-five/sources.md
1000560588,1000000067,2026,2000030241,SUB_UNUSED,,,,,,2026-10-04,backend/data/gw5-first-five/sources.md
1000560588,1000000067,2026,2000030242,SUB_UNUSED,,,,,,2026-10-04,backend/data/gw5-first-five/sources.md
1000560588,1000000067,2026,2000030243,SUB_UNUSED,,,,,,2026-10-04,backend/data/gw5-first-five/sources.md
1000560588,1000000322,2026,284500,SUB_USED,,,,,,2026-10-04,backend/data/gw5-first-five/sources.md
1000560588,1000000322,2026,2000010001,STARTER,,,,,,2026-10-04,backend/data/gw5-first-five/sources.md
1000560588,1000000322,2026,2000010002,STARTER,,,,,,2026-10-04,backend/data/gw5-first-five/sources.md
1000560588,1000000322,2026,2000010004,STARTER,,,,,,2026-10-04,backend/data/gw5-first-five/sources.md
1000560588,1000000322,2026,2000010005,STARTER,,,,,,2026-10-04,backend/data/gw5-first-five/sources.md
1000560588,1000000322,2026,2000020004,STARTER,,,,,,2026-10-04,backend/data/gw5-first-five/sources.md
1000560588,1000000322,2026,2000020005,STARTER,,,,,,2026-10-04,backend/data/gw5-first-five/sources.md
1000560588,1000000322,2026,2000020006,SUB_UNUSED,,,,,,2026-10-04,backend/data/gw5-first-five/sources.md
1000560588,1000000322,2026,2000020007,STARTER,,,,,,2026-10-04,backend/data/gw5-first-five/sources.md
1000560588,1000000322,2026,2000020008,STARTER,,,,,,2026-10-04,backend/data/gw5-first-five/sources.md
1000560588,1000000322,2026,2000020009,STARTER,,,,,,2026-10-04,backend/data/gw5-first-five/sources.md
1000560588,1000000322,2026,2000020010,STARTER,,,,,,2026-10-04,backend/data/gw5-first-five/sources.md
1000560588,1000000322,2026,2000020011,SUB_UNUSED,,,,,,2026-10-04,backend/data/gw5-first-five/sources.md
1000560588,1000000322,2026,2000020015,SUB_UNUSED,,,,,,2026-10-04,backend/data/gw5-first-five/sources.md
1000560588,1000000322,2026,2000020016,SUB_USED,,,,,,2026-10-04,backend/data/gw5-first-five/sources.md
1000560588,1000000322,2026,2000020018,SUB_UNUSED,,,,,,2026-10-04,backend/data/gw5-first-five/sources.md
1000560588,1000000322,2026,2000030205,SUB_USED,,,,,,2026-10-04,backend/data/gw5-first-five/sources.md
1000560588,1000000322,2026,2000030207,SUB_USED,,,,,,2026-10-04,backend/data/gw5-first-five/sources.md
1000560588,1000000322,2026,2000030209,SUB_USED,,,,,,2026-10-04,backend/data/gw5-first-five/sources.md
1000560588,1000000322,2026,2000030211,STARTER,,,,,,2026-10-04,backend/data/gw5-first-five/sources.md
1000560589,1000000351,2026,19305,SUB_UNUSED,,,,,,2026-10-04,backend/data/gw5-last-five/sources.md
1000560589,1000000351,2026,161948,STARTER,,,,,,2026-10-04,backend/data/gw5-last-five/sources.md
1000560589,1000000351,2026,2000013001,STARTER,,,,,,2026-10-04,backend/data/gw5-last-five/sources.md
1000560589,1000000351,2026,2000013002,STARTER,,,,,,2026-10-04,backend/data/gw5-last-five/sources.md
1000560589,1000000351,2026,2000020052,STARTER,,,,,,2026-10-04,backend/data/gw5-last-five/sources.md
1000560589,1000000351,2026,2000020053,STARTER,,,,,,2026-10-04,backend/data/gw5-last-five/sources.md
1000560589,1000000351,2026,2000020054,SUB_USED,,,,,,2026-10-04,backend/data/gw5-last-five/sources.md
1000560589,1000000351,2026,2000020055,STARTER,,,,,,2026-10-04,backend/data/gw5-last-five/sources.md
1000560589,1000000351,2026,2000020056,SUB_USED,,,,,,2026-10-04,backend/data/gw5-last-five/sources.md
1000560589,1000000351,2026,2000020058,STARTER,,,,,,2026-10-04,backend/data/gw5-last-five/sources.md
1000560589,1000000351,2026,2000020059,STARTER,,,,,,2026-10-04,backend/data/gw5-last-five/sources.md
1000560589,1000000351,2026,2000020060,SUB_UNUSED,,,,,,2026-10-04,backend/data/gw5-last-five/sources.md
1000560589,1000000351,2026,2000020061,SUB_USED,,,,,,2026-10-04,backend/data/gw5-last-five/sources.md
1000560589,1000000351,2026,2000020062,SUB_USED,,,,,,2026-10-04,backend/data/gw5-last-five/sources.md
1000560589,1000000351,2026,2000020063,STARTER,,,,,,2026-10-04,backend/data/gw5-last-five/sources.md
1000560589,1000000351,2026,2000020073,SUB_UNUSED,,,,,,2026-10-04,backend/data/gw5-last-five/sources.md
1000560589,1000000351,2026,2000020074,STARTER,,,,,,2026-10-04,backend/data/gw5-last-five/sources.md
1000560589,1000000351,2026,2000020076,SUB_UNUSED,,,,,,2026-10-04,backend/data/gw5-last-five/sources.md
1000560589,1000000351,2026,2000020077,SUB_UNUSED,,,,,,2026-10-04,backend/data/gw5-last-five/sources.md
1000560589,1000000351,2026,2000020095,STARTER,,,,,,2026-10-04,backend/data/gw5-last-five/sources.md
1000560589,1000001076,2026,2000002001,STARTER,,,,,,2026-10-04,backend/data/gw5-last-five/sources.md
1000560589,1000001076,2026,2000002002,STARTER,,,,,,2026-10-04,backend/data/gw5-last-five/sources.md
1000560589,1000001076,2026,2000002003,STARTER,,,,,,2026-10-04,backend/data/gw5-last-five/sources.md
1000560589,1000001076,2026,2000002004,STARTER,,,,,,2026-10-04,backend/data/gw5-last-five/sources.md
1000560589,1000001076,2026,2000002005,STARTER,,,,,,2026-10-04,backend/data/gw5-last-five/sources.md
1000560589,1000001076,2026,2000002006,SUB_UNUSED,,,,,,2026-10-04,backend/data/gw5-last-five/sources.md
1000560589,1000001076,2026,2000002007,STARTER,,,,,,2026-10-04,backend/data/gw5-last-five/sources.md
1000560589,1000001076,2026,2000002008,SUB_USED,,,,,,2026-10-04,backend/data/gw5-last-five/sources.md
1000560589,1000001076,2026,2000002009,STARTER,,,,,,2026-10-04,backend/data/gw5-last-five/sources.md
1000560589,1000001076,2026,2000002011,STARTER,,,,,,2026-10-04,backend/data/gw5-last-five/sources.md
1000560589,1000001076,2026,2000002014,STARTER,,,,,,2026-10-04,backend/data/gw5-last-five/sources.md
1000560589,1000001076,2026,2000002015,SUB_USED,,,,,,2026-10-04,backend/data/gw5-last-five/sources.md
1000560589,1000001076,2026,2000002016,STARTER,,,,,,2026-10-04,backend/data/gw5-last-five/sources.md
1000560589,1000001076,2026,2000002019,SUB_USED,,,,,,2026-10-04,backend/data/gw5-last-five/sources.md
1000560589,1000001076,2026,2000002020,STARTER,,,,,,2026-10-04,backend/data/gw5-last-five/sources.md
1000560589,1000001076,2026,2000002022,SUB_UNUSED,,,,,,2026-10-04,backend/data/gw5-last-five/sources.md
1000560589,1000001076,2026,2000002026,SUB_UNUSED,,,,,,2026-10-04,backend/data/gw5-last-five/sources.md
1000560589,1000001076,2026,2000002027,SUB_UNUSED,,,,,,2026-10-04,backend/data/gw5-last-five/sources.md
1000560589,1000001076,2026,2000002028,SUB_UNUSED,,,,,,2026-10-04,backend/data/gw5-last-five/sources.md
1000560589,1000001076,2026,2000002029,SUB_UNUSED,,,,,,2026-10-04,backend/data/gw5-last-five/sources.md
1000560590,1000000065,2026,2000004001,STARTER,,,,,,2026-10-04,backend/data/gw5-last-five/sources.md
1000560590,1000000065,2026,2000004002,STARTER,,,,,,2026-10-04,backend/data/gw5-last-five/sources.md
1000560590,1000000065,2026,2000004003,STARTER,,,,,,2026-10-04,backend/data/gw5-last-five/sources.md
1000560590,1000000065,2026,2000004004,STARTER,,,,,,2026-10-04,backend/data/gw5-last-five/sources.md
1000560590,1000000065,2026,2000004005,STARTER,,,,,,2026-10-04,backend/data/gw5-last-five/sources.md
1000560590,1000000065,2026,2000004006,SUB_UNUSED,,,,,,2026-10-04,backend/data/gw5-last-five/sources.md
1000560590,1000000065,2026,2000004007,STARTER,,,,,,2026-10-04,backend/data/gw5-last-five/sources.md
1000560590,1000000065,2026,2000004008,STARTER,,,,,,2026-10-04,backend/data/gw5-last-five/sources.md
1000560590,1000000065,2026,2000004009,SUB_USED,,,,,,2026-10-04,backend/data/gw5-last-five/sources.md
1000560590,1000000065,2026,2000004011,STARTER,,,,,,2026-10-04,backend/data/gw5-last-five/sources.md
1000560590,1000000065,2026,2000004012,SUB_UNUSED,,,,,,2026-10-04,backend/data/gw5-last-five/sources.md
1000560590,1000000065,2026,2000004014,STARTER,,,,,,2026-10-04,backend/data/gw5-last-five/sources.md
1000560590,1000000065,2026,2000004015,STARTER,,,,,,2026-10-04,backend/data/gw5-last-five/sources.md
1000560590,1000000065,2026,2000004016,SUB_UNUSED,,,,,,2026-10-04,backend/data/gw5-last-five/sources.md
1000560590,1000000065,2026,2000004017,SUB_UNUSED,,,,,,2026-10-04,backend/data/gw5-last-five/sources.md
1000560590,1000000065,2026,2000004018,SUB_USED,,,,,,2026-10-04,backend/data/gw5-last-five/sources.md
1000560590,1000000065,2026,2000004019,SUB_UNUSED,,,,,,2026-10-04,backend/data/gw5-last-five/sources.md
1000560590,1000000065,2026,2000004020,STARTER,,,,,,2026-10-04,backend/data/gw5-last-five/sources.md
1000560590,1000000065,2026,2000004021,SUB_UNUSED,,,,,,2026-10-04,backend/data/gw5-last-five/sources.md
1000560590,1000000065,2026,2000004025,SUB_UNUSED,,,,,,2026-10-04,backend/data/gw5-last-five/sources.md
1000560590,1000000071,2026,2000012001,STARTER,,,,,,2026-10-04,backend/data/gw5-last-five/sources.md
1000560590,1000000071,2026,2000012002,STARTER,,,,,,2026-10-04,backend/data/gw5-last-five/sources.md
1000560590,1000000071,2026,2000020030,STARTER,,,,,,2026-10-04,backend/data/gw5-last-five/sources.md
1000560590,1000000071,2026,2000020031,STARTER,,,,,,2026-10-04,backend/data/gw5-last-five/sources.md
1000560590,1000000071,2026,2000020032,STARTER,,,,,,2026-10-04,backend/data/gw5-last-five/sources.md
1000560590,1000000071,2026,2000020033,SUB_UNUSED,,,,,,2026-10-04,backend/data/gw5-last-five/sources.md
1000560590,1000000071,2026,2000020035,SUB_USED,,,,,,2026-10-04,backend/data/gw5-last-five/sources.md
1000560590,1000000071,2026,2000020036,STARTER,,,,,,2026-10-04,backend/data/gw5-last-five/sources.md
1000560590,1000000071,2026,2000020037,STARTER,,,,,,2026-10-04,backend/data/gw5-last-five/sources.md
1000560590,1000000071,2026,2000020038,STARTER,,,,,,2026-10-04,backend/data/gw5-last-five/sources.md
1000560590,1000000071,2026,2000020039,SUB_UNUSED,,,,,,2026-10-04,backend/data/gw5-last-five/sources.md
1000560590,1000000071,2026,2000020040,SUB_UNUSED,,,,,,2026-10-04,backend/data/gw5-last-five/sources.md
1000560590,1000000071,2026,2000020041,SUB_USED,,,,,,2026-10-04,backend/data/gw5-last-five/sources.md
1000560590,1000000071,2026,2000020042,SUB_UNUSED,,,,,,2026-10-04,backend/data/gw5-last-five/sources.md
1000560590,1000000071,2026,2000020048,SUB_UNUSED,,,,,,2026-10-04,backend/data/gw5-last-five/sources.md
1000560590,1000000071,2026,2000020049,STARTER,,,,,,2026-10-04,backend/data/gw5-last-five/sources.md
1000560590,1000000071,2026,2000030103,STARTER,,,,,,2026-10-04,backend/data/gw5-last-five/sources.md
1000560590,1000000071,2026,2000030252,STARTER,,,,,,2026-10-04,backend/data/gw5-last-five/sources.md
1000560590,1000000071,2026,2000030253,SUB_UNUSED,,,,,,2026-10-04,backend/data/gw5-last-five/sources.md
1000560590,1000000071,2026,2000030254,SUB_USED,,,,,,2026-10-04,backend/data/gw5-last-five/sources.md
1000560591,1000000061,2026,2000005001,STARTER,,,,,,2026-10-04,backend/data/gw5-first-five/sources.md
1000560591,1000000061,2026,2000005003,STARTER,,,,,,2026-10-04,backend/data/gw5-first-five/sources.md
1000560591,1000000061,2026,2000005004,STARTER,,,,,,2026-10-04,backend/data/gw5-first-five/sources.md
1000560591,1000000061,2026,2000005005,STARTER,,,,,,2026-10-04,backend/data/gw5-first-five/sources.md
1000560591,1000000061,2026,2000005006,STARTER,,,,,,2026-10-04,backend/data/gw5-first-five/sources.md
1000560591,1000000061,2026,2000005007,STARTER,,,,,,2026-10-04,backend/data/gw5-first-five/sources.md
1000560591,1000000061,2026,2000005009,STARTER,,,,,,2026-10-04,backend/data/gw5-first-five/sources.md
1000560591,1000000061,2026,2000005010,SUB_UNUSED,,,,,,2026-10-04,backend/data/gw5-first-five/sources.md
1000560591,1000000061,2026,2000005011,STARTER,,,,,,2026-10-04,backend/data/gw5-first-five/sources.md
1000560591,1000000061,2026,2000005012,STARTER,,,,,,2026-10-04,backend/data/gw5-first-five/sources.md
1000560591,1000000061,2026,2000005013,STARTER,,,,,,2026-10-04,backend/data/gw5-first-five/sources.md
1000560591,1000000061,2026,2000005014,SUB_UNUSED,,,,,,2026-10-04,backend/data/gw5-first-five/sources.md
1000560591,1000000061,2026,2000005016,SUB_USED,,,,,,2026-10-04,backend/data/gw5-first-five/sources.md
1000560591,1000000061,2026,2000005019,SUB_UNUSED,,,,,,2026-10-04,backend/data/gw5-first-five/sources.md
1000560591,1000000061,2026,2000005020,STARTER,,,,,,2026-10-04,backend/data/gw5-first-five/sources.md
1000560591,1000000061,2026,2000005021,SUB_USED,,,,,,2026-10-04,backend/data/gw5-first-five/sources.md
1000560591,1000000061,2026,2000005022,SUB_USED,,,,,,2026-10-04,backend/data/gw5-first-five/sources.md
1000560591,1000000061,2026,2000005023,SUB_UNUSED,,,,,,2026-10-04,backend/data/gw5-first-five/sources.md
1000560591,1000000061,2026,2000005024,SUB_USED,,,,,,2026-10-04,backend/data/gw5-first-five/sources.md
1000560591,1000000061,2026,2000005025,SUB_UNUSED,,,,,,2026-10-04,backend/data/gw5-first-five/sources.md
1000560591,1000000402,2026,153066,SUB_USED,,,,,,2026-10-04,backend/data/gw5-first-five/sources.md
1000560591,1000000402,2026,2000030001,STARTER,,,,,,2026-10-04,backend/data/gw5-first-five/sources.md
1000560591,1000000402,2026,2000030002,STARTER,,,,,,2026-10-04,backend/data/gw5-first-five/sources.md
1000560591,1000000402,2026,2000030003,STARTER,,,,,,2026-10-04,backend/data/gw5-first-five/sources.md
1000560591,1000000402,2026,2000030004,STARTER,,,,,,2026-10-04,backend/data/gw5-first-five/sources.md
1000560591,1000000402,2026,2000030005,SUB_USED,,,,,,2026-10-04,backend/data/gw5-first-five/sources.md
1000560591,1000000402,2026,2000030006,STARTER,,,,,,2026-10-04,backend/data/gw5-first-five/sources.md
1000560591,1000000402,2026,2000030007,SUB_UNUSED,,,,,,2026-10-04,backend/data/gw5-first-five/sources.md
1000560591,1000000402,2026,2000030008,SUB_USED,,,,,,2026-10-04,backend/data/gw5-first-five/sources.md
1000560591,1000000402,2026,2000030009,STARTER,,,,,,2026-10-04,backend/data/gw5-first-five/sources.md
1000560591,1000000402,2026,2000030010,STARTER,,,,,,2026-10-04,backend/data/gw5-first-five/sources.md
1000560591,1000000402,2026,2000030011,STARTER,,,,,,2026-10-04,backend/data/gw5-first-five/sources.md
1000560591,1000000402,2026,2000030012,SUB_USED,,,,,,2026-10-04,backend/data/gw5-first-five/sources.md
1000560591,1000000402,2026,2000030094,STARTER,,,,,,2026-10-04,backend/data/gw5-first-five/sources.md
1000560591,1000000402,2026,2000030095,STARTER,,,,,,2026-10-04,backend/data/gw5-first-five/sources.md
1000560591,1000000402,2026,2000030097,SUB_UNUSED,,,,,,2026-10-04,backend/data/gw5-first-five/sources.md
1000560591,1000000402,2026,2000030099,STARTER,,,,,,2026-10-04,backend/data/gw5-first-five/sources.md
1000560591,1000000402,2026,2000030163,SUB_USED,,,,,,2026-10-04,backend/data/gw5-first-five/sources.md
1000560591,1000000402,2026,2000030165,SUB_UNUSED,,,,,,2026-10-04,backend/data/gw5-first-five/sources.md
1000560591,1000000402,2026,2000030166,SUB_UNUSED,,,,,,2026-10-04,backend/data/gw5-first-five/sources.md
